free_bikes,longitude,latitude
13,-79.319796,43.665269
0,-79.445947,43.67142
17,-79.317693,43.666224
2,-79.376716,43.653236
7,-79.380288,43.663722
14,-79.389165,43.657763
16,-79.382736,43.656729
8,-79.414783,43.664467
7,-79.388858,43.675492
1,-79.396273,43.674991
7,-79.387778,43.671944
0,-79.351104,43.662365
28,-79.377962,43.646144
7,-79.358534,43.663993
0,-79.374756,43.657266
15,-79.3452697,43.6672144
0,-79.441159,43.673939
10,-79.340075,43.657991
13,-79.329408,43.66745
5,-79.338259,43.672453
11,-79.3348396,43.6592088
3,-79.35438,43.689211
11,-79.378497,43.656927
1,-79.372346,43.658295
9,-79.2889842,43.6940155
1,-79.4229684,43.6809164
0,-79.39535,43.6910667
0,-79.39654,43.6975969
32,-79.395954,43.639832
4,-79.399429,43.667333
6,-79.383177,43.6480008
4,-79.389099,43.656518
1,-79.38906,43.687999
0,-79.45166666666667,43.6563889
17,-79.399595,43.639179
7,-79.40138888888889,43.6616667
0,-79.45833333333334,43.66666667
1,-79.452559,43.657192
10,-79.4032,43.6576
4,-79.379052,43.660694
26,-79.395854,43.636533
15,-79.382767,43.659777
3,-79.380414,43.643667
4,-79.373327,43.666233
15,-79.393249,43.640114
10,-79.4016759,43.653766
1,-79.4413888888889,43.6538888888889
1,-79.4430555555556,43.6508333333333
5,-79.43868,43.651238
11,-79.422634,43.6544915
1,-79.4655296,43.6543604
14,-79.465083,43.635932
5,-79.460053,43.654501
9,-79.467763,43.634896
21,-79.4304,43.6314
13,-79.444966,43.636731
2,-79.4512787,43.6534268
0,-79.39894,43.7112153
12,-79.39201,43.655227
1,-79.34962,43.685167
0,-79.39014,43.6704537
2,-79.38551,43.6691099
5,-79.404444,43.641389
12,-79.396649,43.643834
11,-79.3895315,43.6545174
11,-79.404998,43.665846
4,-79.3895,43.6461
9,-79.29451,43.671349
15,-79.312315,43.667208
9,-79.288949,43.669328
8,-79.289,43.672571
17,-79.39192,43.638497
13,-79.315223,43.662771
7,-79.363525,43.66852
5,-79.401456,43.652473
9,-79.419576,43.643975
19,-79.36023,43.651318
21,-79.381484,43.656094
1,-79.405181,43.670318
7,-79.416111,43.676667
23,-79.435841,43.640634
19,-79.423611,43.639444
0,-79.42083333333333,43.67
1,-79.416389,43.671389
2,-79.42500000000001,43.68
13,-79.42527777777778,43.6394444
2,-79.40698,43.675791
2,-79.410278,43.675556
1,-79.414722,43.674444
11,-79.408317,43.671513
0,-79.35822,43.6783213
3,-79.356602,43.6848652
1,-79.347046,43.68395
2,-79.341307,43.690537
0,-79.423122,43.704461
15,-79.329196,43.659195
4,-79.3649,43.651885
0,-79.377557,43.682645
6,-79.43305555555555,43.6475
4,-79.393535,43.6494896
4,-79.44874,43.671526
3,-79.3827914,43.6452972
9,-79.3960744,43.6452091
6,-79.43361111111112,43.6555556
2,-79.390328,43.678077
15,-79.415345,43.645665
2,-79.42668,43.6493472
21,-79.361275,43.660207
23,-79.367061,43.648655
25,-79.389728,43.648711
4,-79.3437663,43.6605603
3,-79.36138888888888,43.6561111
4,-79.354455,43.652219
8,-79.356832,43.650279
10,-79.395504,43.649147
25,-79.375413,43.643795
10,-79.397735,43.662085
5,-79.365769,43.659575
17,-79.362198,43.65205
8,-79.393899,43.668456
20,-79.399792,43.639052
6,-79.42822,43.6448617
15,-79.432837,43.6409
1,-79.415646,43.660414
4,-79.407896,43.661975
3,-79.422988,43.65905
4,-79.4088888888889,43.66
5,-79.326319,43.690564
1,-79.300463,43.688325
23,-79.46478,43.65716
1,-79.35858,43.6772
16,-79.379903,43.662712
8,-79.383518,43.658938
4,-79.322961,43.683378
9,-79.3762,43.6425636
1,-79.4486,43.6521
12,-79.386532,43.669969
7,-79.425679,43.633473
17,-79.420317,43.630254
10,-79.423098,43.662403
5,-79.424911,43.656945
0,-79.4184725,43.6817346
0,-79.418734,43.683296
17,-79.281455,43.673831
22,-79.3014,43.666325
6,-79.423742,43.651145
9,-79.398448,43.654905
13,-79.369411,43.651118
4,-79.4056,43.6571
23,-79.393388,43.652823
14,-79.387499,43.665527
15,-79.3768,43.6582
2,-79.354704,43.671172
0,-79.35667,43.677076
1,-79.344062,43.680223
1,-79.346289,43.678401
5,-79.329455,43.681991
4,-79.41111111111111,43.6422222
6,-79.410491,43.663808
5,-79.41166666666668,43.6666667
4,-79.41888888888889,43.6638889
1,-79.425734,43.661705
4,-79.42027777777778,43.6686111
1,-79.43235,43.665327
0,-79.43112,43.657343
7,-79.40345,43.645324
15,-79.36163,43.650256
16,-79.4213888888889,43.651111111111106
6,-79.414663,43.656296
2,-79.411717,43.651281
4,-79.42972222,43.65277778
8,-79.418889,43.655
11,-79.338673,43.668553
14,-79.327987,43.663912
3,-79.3855048,43.6462176
0,-79.328535,43.69595
2,-79.3462789,43.6753188
4,-79.3470557,43.6720273
13,-79.424146,43.637981
6,-79.416379,43.640885
9,-79.36583333333333,43.6552778
1,-79.376367,43.6712581
7,-79.36793,43.664524
11,-79.362506,43.665867
3,-79.380042,43.648575
0,-79.390477,43.643473
18,-79.38783,43.645859
3,-79.3656796,43.662132
8,-79.391051,43.640722
3,-79.37617,43.66207
9,-79.3244,43.660206
14,-79.291162,43.668633
4,-79.384796,43.665801
1,-79.38891,43.668153
2,-79.377257,43.657024
3,-79.383572,43.662862
1,-79.40161,43.7063473
11,-79.39419,43.6978701
1,-79.40045,43.696708
7,-79.37549,43.6476616
14,-79.36839,43.6487245
33,-79.380576,43.64852
12,-79.385327,43.656026
13,-79.395003,43.645323
0,-79.405556,43.677778
25,-79.375308,43.641646
1,-79.378912,43.646162
1,-79.304848,43.687323
14,-79.379385,43.668991
12,-79.3825,43.6622222
12,-79.40555555555557,43.64333333333333
21,-79.39527777777778,43.6575
12,-79.381019,43.657424
15,-79.378761,43.64595
9,-79.38725,43.668427
10,-79.381171,43.669604
7,-79.337789,43.661673
8,-79.352055,43.665656
15,-79.4722622,43.6308933
27,-79.480284,43.6224434
9,-79.398443,43.66986
4,-79.350325,43.659471
1,-79.450842,43.650492
10,-79.439223,43.640255
5,-79.431734,43.637922
17,-79.447915,43.643769
2,-79.4445087,43.649172
7,-79.416124,43.663912
9,-79.33443,43.66587
1,-79.367318,43.658816
2,-79.444792,43.654004
10,-79.44865,43.6397
7,-79.3595,43.653809
1,-79.391253,43.673768
6,-79.358749,43.656638
7,-79.399993,43.716652
2,-79.299332,43.684261
2,-79.297974,43.678685
0,-79.47779,43.65143
4,-79.48477,43.64976
0,-79.449066,43.664182
0,-79.3929,43.64407
8,-79.48674,43.61868
13,-79.38702,43.6442
3,-79.38409,43.64283
1,-79.47421,43.65182
0,-79.408019,43.685569
0,-79.375233,43.651678
0,-79.378743,43.651838
12,-79.394009,43.665221
13,-79.362101,43.688148
9,-79.374495,43.669232
11,-79.414156,43.640075
0,-79.347346,43.678285
5,-79.31469,43.697139
0,-79.295208,43.694826
17,-79.318651,43.673118
2,-79.295895,43.689293
12,-79.3149,43.66908
11,-79.47149,43.66073
3,-79.42679,43.66189
5,-79.4675,43.65389
2,-79.445029,43.676697
1,-79.4277,43.68114
4,-79.347938,43.663148
22,-79.3335,43.669813
13,-79.437461,43.633537
16,-79.47307,43.63632
2,-79.38786,43.697819
14,-79.429142,43.638426
11,-79.38279,43.65988
1,-79.410585,43.66842
3,-79.46418,43.66402
8,-79.46526,43.66686
4,-79.372127,43.671278
6,-79.399505,43.635023
7,-79.38235,43.66834
12,-79.38766,43.65263
3,-79.40355,43.70547
4,-79.354006,43.641675
0,-79.291416,43.694341
6,-79.36927,43.64422
2,-79.376304,43.685924
23,-79.364898,43.645215
16,-79.442741,43.646677
18,-79.46693,43.63855
0,-79.4657123,43.645599
1,-79.430465,43.674923
11,-79.316767,43.684758
20,-79.38148,43.66663
1,-79.294766,43.685221
21,-79.398253,43.635492
16,-79.383717,43.63951
7,-79.386741,43.641529
7,-79.4131148,43.6417852
28,-79.3802,43.655766
0,-79.432522,43.680466
21,-79.387095,43.664088
12,-79.46997,43.65917
9,-79.379173,43.671535
1,-79.38301,43.646734
1,-79.4066433,43.6662942
0,-79.423889,43.675278
2,-79.378623,43.648928
14,-79.351246,43.715951
16,-79.304711,43.665645
21,-79.39399,43.645572
1,-79.372637,43.652777
0,-79.451263,43.665538
21,-79.372287,43.650325
0,-79.38915,43.66943
0,-79.3894,43.669244
0,-79.41562,43.683351
11,-79.373446,43.6574766
19,-79.400042,43.636611
3,-79.406468,43.646552
2,-79.400162,43.713524
13,-79.3733541,43.65003919999999
13,-79.382458,43.653264
0,-79.392125,43.663376
6,-79.385525,43.660439
9,-79.390213,43.659226
6,-79.38964,43.65995
1,-79.389682,43.661803
2,-79.385655,43.660087
15,-79.4873148,43.6146692
26,-79.476723,43.626265
4,-79.458173,43.63771
22,-79.4760109,43.6390437
2,-79.4376413,43.6486599
6,-79.4240277,43.6423847
1,-79.4360232,43.6702236
14,-79.3778458,43.6752732
6,-79.411084,43.645469
0,-79.4253856,43.6882821
6,-79.408346,43.651603
6,-79.402643,43.670206
1,-79.413845,43.661559
12,-79.393259,43.6560758
2,-79.3927404,43.6580442
14,-79.3966159,43.6568254
13,-79.54033009999999,43.5927419
8,-79.522768,43.597082
10,-79.4971065,43.6171635
18,-79.496573,43.612063
14,-79.489083,43.63732
9,-79.5160575,43.5961692
25,-79.4883535,43.613606
14,-79.489385,43.664665
7,-79.484892,43.665523
15,-79.485426,43.668496
2,-79.519472,43.698841
2,-79.487246,43.658574
23,-79.43703,43.63985
6,-79.341509,43.665076
34,-79.40978179999999,43.6323994
11,-79.3301658,43.6935477
2,-79.4770327,43.6438036
12,-79.413528,43.65246
11,-79.35397680000001,43.6548521
14,-79.482407,43.630874
0,-79.45328549999999,43.6704403
10,-79.354068,43.6535
1,-79.361515,43.6617908
16,-79.364184,43.649709
16,-79.374161,43.666051
0,-79.397345,43.7005976
9,-79.3979073,43.7029672
1,-79.39264,43.68871
1,-79.5108942,43.6834703
4,-79.5025943,43.7696262
4,-79.5012809,43.7641485
2,-79.491281,43.76521
11,-79.4675395,43.7724019
3,-79.467963,43.7781116
1,-79.40966,43.707049
6,-79.378615,43.711751
0,-79.40401,43.732975
0,-79.398049,43.660274
7,-79.318802,43.699281
8,-79.297436,43.696631
17,-79.391291,43.650077
5,-79.3163022,43.6765897
1,-79.383633,43.650745
10,-79.362092,43.720233
0,-79.441042,43.6926825
1,-79.4094472,43.7041957
0,-79.39248,43.7078691
0,-79.5432067,43.5880774
3,-79.1971289,43.754978
3,-79.3718,43.6856
11,-79.345359,43.637764
33,-79.4018451,43.6629228
7,-79.397107,43.660296
5,-79.1301203,43.7805505
0,-79.1659711,43.7777114
5,-79.193023,43.779353
12,-79.199327,43.747854
6,-79.2026694,43.7561681
5,-79.5108692,43.6002896
11,-79.498398,43.6615467
4,-79.4397052,43.6632257
2,-79.291714,43.680095
13,-79.288619,43.691468
13,-79.380386,43.645609
6,-79.3855555555556,43.6591666666667
21,-79.369596,43.658777
1,-79.5030161,43.6625395
0,-79.4275305,43.7004017
6,-79.45233,43.77953
7,-79.4447096,43.7774374
2,-79.39806449999999,43.6637403
2,-79.375437,43.707045
7,-79.3762096,43.6495789
0,-79.4375028,43.690903
7,-79.41230469904167,43.643253094827294
16,-79.4926867,43.6029904
0,-79.4799176,43.6596299
5,-79.43166666666667,43.6608333
0,-79.43583333333333,43.66083333333333
14,-79.39199,43.69933
8,-79.4701178,43.6653032
1,-79.4990363,43.6162721
2,-79.355474,43.720645
1,-79.4588522,43.6641174
7,-79.4296346,43.6424558
0,-79.4026176,43.6954486
8,-79.3149901,43.6850809
4,-79.3405681,43.6800218
0,-79.1849889,43.7842419
10,-79.36536439999999,43.6451308
11,-79.3552533,43.6482995
7,-79.38781039999999,43.65637299999999
15,-79.38631,43.657838
12,-79.131911,43.778015
5,-79.470171,43.672079
1,-79.350119,43.690237
3,-79.39139,43.70942
3,-79.382919,43.671389
15,-79.38117,43.671561
6,-79.383238,43.693256
0,-79.4636388,43.65412449999999
2,-79.339243,43.680207
3,-79.438715,43.6589882
1,-79.4352208,43.6741219
10,-79.3706665,43.6469928
13,-79.36647,43.683884
5,-79.3899265,43.6578449
1,-79.3847928,43.6477785
1,-79.31168269999999,43.6856128
0,-79.390556,43.681944
16,-79.409597,43.64534
18,-79.4408141,43.6393107
0,-79.279682,43.68306889999999
8,-79.3323698,43.6626628
9,-79.3373885,43.681114
9,-79.4168659,43.638925
4,-79.309395,43.676216
0,-79.378208,43.652822
27,-79.379625,43.656633
7,-79.286864,43.686962
1,-79.371914,43.718039
1,-79.39018,43.672152
3,-79.467994,43.673019
0,-79.37644,43.72268
1,-79.4407647,43.6504218
0,-79.3940052,43.68850459999999
13,-79.393295,43.641705
6,-79.487583,43.647663
0,-79.377456,43.720998
1,-79.4032194,43.72814640000001
10,-79.3882538196087,43.652327224103
5,-79.4227573,43.6438602
8,-79.49336334201408,43.64920406876699
18,-79.3860211,43.6503935
2,-79.39940399999999,43.6399714
0,-79.43937767081853,43.68827060022711
21,-79.37894570000002,43.6614605
0,-79.30058718775287,43.69413548199171
2,-79.40115449999999,43.7254665
3,-79.39886200000001,43.7083577
11,-79.4197107,43.63840090000001
13,-79.33368089999999,43.7027268
8,-79.310554,43.70567
0,-79.4088888888889,43.635
6,-79.35627385059036,43.656784782853144
6,-79.403637,43.732016
6,-79.38849615969643,43.67515255542865
3,-79.36701962396272,43.67468857448634
4,-79.3814254607724,43.727365488246306
3,-79.39245919999999,43.6846177
2,-79.5002,43.77345
2,-79.313404,43.686442
25,-79.40297869999999,43.66402799999999
26,-79.3873,43.65049
8,-79.4013882,43.64134790000001
14,-79.377,43.64215
16,-79.4115736,43.6392777
9,-79.39744979999999,43.645102
0,-79.4342726,43.6602021
8,-79.45641169999999,43.644887
10,-79.34403250000001,43.680012
14,-79.406112,43.637381
24,-79.397877,43.63811
2,-79.432446,43.64957
18,-79.2971326,43.6700692
8,-79.37558829999999,43.6559476
15,-79.30811709999999,43.6677628
7,-79.3068697,43.6750806
0,-79.4547813,43.6754247
21,-79.40966630000001,43.6409957
6,-79.34993659999999,43.6593483
0,-79.421192,43.67168
6,-79.374222,43.652634
11,-79.4060978,43.6519501
0,-79.3641171,43.6613642
9,-79.3304491,43.6808774
13,-79.3413344,43.6623658
18,-79.3263159,43.6791345
14,-79.3704721,43.6478206
3,-79.40352209999999,43.635495
11,-79.3110942,43.6868681
4,-79.435364,43.678177
1,-79.39504339999999,43.6962302
5,-79.425116,43.667076
0,-79.43469,43.68005
0,-79.4527619,43.675648
6,-79.4041365,43.6677246
10,-79.39838,43.648437
17,-79.374,43.6673
13,-79.38269509999999,43.6517925
12,-79.4423237,43.6372958
3,-79.4302462,43.6554793
0,-79.415894,43.686352
11,-79.41610440000001,43.6442457
5,-79.5005,43.7741
1,-79.410657,43.683979
11,-79.3953394,43.6472019
9,-79.35794659999999,43.6513927
5,-79.3772602,43.6647688
1,-79.381285,43.6506
1,-79.3429074,43.6408346
3,-79.4497659,43.6585504
18,-79.40051919999999,43.6484201
3,-79.314283,43.693187
2,-79.40011729999999,43.6425791
14,-79.3733192,43.6469251
10,-79.40065430000001,43.644395
2,-79.391206,43.6463574
8,-79.3702641,43.6682342
0,-79.39071899999999,43.6791876
2,-79.398331,43.674446
4,-79.48296909999999,43.6501644
6,-79.38761010000002,43.6658804
1,-79.28357,43.68035
6,-79.3667689,43.6535052
3,-79.2563167072858,43.702418581463505
6,-79.27046628033244,43.68824135931814
7,-79.265027,43.691688
8,-79.25655146462776,43.697490048103
2,-79.26257204548136,43.69401297794256
14,-79.28339980000001,43.6929478
1,-79.27180659999999,43.6950192
0,-79.4627536,43.69263249999999
11,-79.2541175,43.7105975
1,-79.45782580000001,43.69415
6,-79.44099,43.70163
3,-79.460265,43.688028
8,-79.455765,43.68323
0,-79.45376999999999,43.69466
2,-79.3513564,43.6784834
1,-79.4963345,43.65016869999999
2,-79.50601999999999,43.6492
9,-79.2939525,43.6897656
20,-79.4674917,43.6357643
10,-79.4838132,43.62369169999999
13,-79.458111,43.648657
13,-79.380471,43.671293
1,-79.4493630391668,43.699327072589426
9,-79.4934616,43.63560589999999
2,-79.5114452,43.7611741
6,-79.5162777,43.7603624
7,-79.4918,43.62313
2,-79.511912,43.772445
8,-79.365023,43.653359
5,-79.25104443353288,43.70643614257429
2,-79.370638,43.655972
9,-79.380723,43.641952
5,-79.399586,43.646552
2,-79.3947953,43.6591529
1,-79.440764,43.659055
3,-79.375961,43.669576
4,-79.29511,43.706466
14,-79.44879407014527,43.646314469245205
15,-79.32295440954084,43.65222662225532
8,-79.47502122887077,43.66526761605873
3,-79.41010317605742,43.66554144421798
0,-79.5085364909097,43.77649016265579
9,-79.380653,43.655431
8,-79.38591063795928,43.65351799690878
7,-79.54449133041076,43.59119994025076
10,-79.34105699999999,43.6544839
15,-79.39698099821702,43.65082785552666
7,-79.46092618902435,43.673843560032594
0,-79.38604436555764,43.647508351306186
5,-79.33413623320465,43.71513211098082
8,-79.33089439933623,43.71649675774656
6,-79.32811427663442,43.715537998967406
6,-79.34807015078738,43.70400405297843
1,-79.33199950866776,43.719632535237835
1,-79.36781965092621,43.70656159598004
4,-79.34224729962946,43.70518328279426
2,-79.38736016665911,43.70088225686968
3,-79.40099513147447,43.68688938028234
7,-79.387502,43.63796
9,-79.40351232494366,43.65484215542248
15,-79.400053,43.6637
4,-79.44618,43.662857
11,-79.123505,43.788319
12,-79.39430137761319,43.643025055165865
12,-79.47570569999999,43.7482972
23,-79.38976958703309,43.63737145931921
3,-79.48227195568086,43.73673829262113
2,-79.479626,43.753107
3,-79.4869662,43.7494501
8,-79.42023184193503,43.637695491830144
9,-79.3687301736982,43.64392767366328
22,-79.396555,43.650033
8,-79.41423166721611,43.639124514797004
17,-79.376785,43.640978
10,-79.398167,43.658148
20,-79.309765,43.663162
0,-79.408723,43.67883
22,-79.380464,43.640132
11,-79.3831757,43.6451635
8,-79.510392,43.64817
2,-79.449534,43.661324
7,-79.38355031526893,43.66496415990742
5,-79.3798521,43.640741
7,-79.373181,43.663102
15,-79.4108105,43.6322445
13,-79.389295,43.655103
3,-79.4091666666667,43.6563888888889
0,-79.454823,43.637894
5,-79.4654233,43.6525077
1,-79.4650569,43.6535269
7,-79.358395,43.652686
4,-79.38114574756837,43.666850777484896
9,-79.358505,43.661152
6,-79.358035,43.659296
9,-79.402761,43.667158
9,-79.27710529695892,43.69362206784152
1,-79.24391402446746,43.72704086366749
8,-79.43617975886079,43.63735795888104
5,-79.21995221481933,43.73596719224253
2,-79.2876595,43.7154661
5,-79.43746059447746,43.642904395956684
12,-79.26850999999999,43.70688
7,-79.28528711019696,43.697356080874876
4,-79.39915125005619,43.70960859570095
3,-79.27028152889692,43.71176278859601
18,-79.324961,43.671771
1,-79.29127313845584,43.7110442448186
3,-79.2787149,43.7032112
5,-79.2487086,43.7128578
7,-79.22496619876934,43.7323277855009
3,-79.39444614603269,43.669821695059376
9,-79.464366,43.645653
9,-79.465319,43.649217
6,-79.22920396582664,43.72690169821676
1,-79.39836278587889,43.67794376009951
6,-79.42875613770637,43.64309687937765
23,-79.38345966759798,43.655350778457056
6,-79.41502994047545,43.6412561641921
6,-79.4015,43.6476
0,-79.39629396191867,43.6962750705313
10,-79.3972815,43.70430959999999
2,-79.40537298227844,43.69711160305226
6,-79.32262453633884,43.68370788065334
0,-79.3962499,43.7063279
1,-79.39877642209015,43.64600446255825
4,-79.42355911563249,43.64299174164139
7,-79.32661544194183,43.657275497390124
1,-79.33478198280334,43.68698672516659
8,-79.44320901022282,43.65922918158098
11,-79.28055565662231,43.71161098023304
6,-79.20970650787817,43.74531103700256
5,-79.379878,43.647259
8,-79.32782698645094,43.67036917803197
14,-79.3853654,43.6458569
6,-79.3707,43.6509552
21,-79.416944,43.649722
14,-79.41933192053696,43.64570236705167
0,-79.38801106873031,43.66981064282057
3,-79.38013325933063,43.65074822310989
0,-79.368333,43.665278
5,-79.33424613862303,43.6798678328407
1,-79.3047092517501,43.71602024377182
0,-79.30675743891624,43.71101621552703
2,-79.30252066313936,43.70751755961952
3,-79.29961580314475,43.717678679534906
0,-79.39537831814152,43.6603874468082
11,-79.4187711,43.6352007
10,-79.41436313073005,43.6333523484014
9,-79.408832,43.636804
0,-79.41528502874928,43.781877158752955
