,free_bikes,rating,review_count,distance,total
0,13,4.5,16,172.37513361109032,91
1,13,4.0,75,408.71572448842034,91
2,13,4.5,95,794.6619550133812,91
3,13,4.5,2,365.1153942401661,91
4,13,4.5,4,777.9806691992109,91
5,13,4.5,14,903.6090778135726,91
6,13,4.5,31,436.0032948767222,91
7,13,4.0,20,364.44850504314206,91
9,13,3.5,31,724.0458166129055,91
11,13,5.0,4,815.1485644834155,91
12,13,3.5,6,689.7787205765445,91
13,13,4.0,53,426.6274768606064,91
15,13,4.0,47,908.6517424267239,91
16,13,4.0,37,983.1152024508168,91
17,13,4.5,8,805.5180733412958,91
18,13,4.5,11,849.2026845221633,91
19,13,4.0,231,881.1241172282339,91
20,0,4.5,191,646.4712110381079,137
21,0,4.5,74,888.658580733523,137
22,0,4.0,44,597.6101584467683,137
23,0,4.5,48,440.3807915157757,137
24,0,4.0,106,631.8823306471566,137
25,0,4.5,36,506.778964258629,137
26,0,4.5,7,622.2462797683386,137
27,0,4.0,44,292.2904736197312,137
28,0,4.0,63,672.1228699501091,137
29,0,4.0,81,748.0025230177373,137
30,0,5.0,8,720.4972412148205,137
31,0,4.5,73,920.0498725031513,137
32,0,4.0,2,655.6681648748463,137
33,0,3.5,52,652.0344441807152,137
34,0,3.5,3,299.6021921678177,137
35,0,4.0,5,607.5270955747128,137
36,0,4.0,11,644.4584382403085,137
37,0,3.5,26,711.2083597651888,137
38,0,4.0,29,843.8130430746781,137
39,0,5.0,1,647.798373088365,137
40,17,4.5,16,29.257262572899972,83
41,17,4.0,75,211.83409499769652,83
42,17,4.5,95,726.2105823651317,83
43,17,4.5,4,744.6803620851091,83
44,17,4.5,14,956.331207754258,83
45,17,4.5,2,553.9020760674997,83
48,17,4.0,53,269.51772516492844,83
49,17,4.0,61,78.63482295741966,83
50,17,4.5,31,625.5297678614603,83
51,17,5.0,4,728.4699999778046,83
53,17,4.0,47,795.2799227847504,83
54,17,3.5,58,98.63227407420021,83
55,17,4.0,20,554.286078137481,83
56,17,4.5,3,179.6109754494347,83
57,17,3.5,31,915.4353499877893,83
58,17,4.5,8,732.1834312071887,83
61,2,4.0,38,426.2887524094813,1100
62,2,4.5,102,418.2400800533181,1100
64,2,4.5,28,658.703216318728,1100
65,2,4.5,76,681.0174839428291,1100
66,2,5.0,34,295.3926549062544,1100
69,2,4.0,120,269.68300532343875,1100
71,2,4.0,90,137.58338363742573,1100
75,2,4.5,22,690.5955016176802,1100
76,2,4.0,13,783.4844859546329,1100
77,2,4.0,156,412.2541837409274,1100
78,2,5.0,1,413.56586240120566,1100
80,14,4.5,76,442.3264603549685,1000
81,14,4.5,83,436.7510327540966,1000
82,14,4.5,22,432.75366835790976,1000
83,14,4.5,44,615.3108818145923,1000
85,14,4.0,38,393.32280445325625,1000
86,14,4.5,210,393.4109960373616,1000
87,14,4.0,126,319.25735370120736,1000
88,14,4.0,21,433.9528762399971,1000
90,14,4.0,161,425.67483765846924,1000
91,14,4.5,163,876.7258423564377,1000
94,14,4.5,51,932.2753833071444,1000
95,14,4.0,63,571.2114796822435,1000
97,14,4.0,13,921.8490397919884,1000
99,14,4.0,21,339.36614230722716,1000
100,16,4.5,76,180.9763467434198,1100
101,16,4.5,22,184.95680378356545,1100
103,16,4.0,63,65.11778744692941,1100
104,16,4.5,44,431.12584462755615,1100
107,16,5.0,34,329.6030539726629,1100
109,16,4.0,38,782.5187075044353,1100
111,16,4.0,13,530.4017168473649,1100
112,16,4.5,12,192.56127543189785,1100
114,16,4.0,120,419.0464619659929,1100
115,16,4.5,210,301.8531717958246,1100
117,16,4.0,52,185.02340775028702,1100
118,16,4.5,5,152.38929344163418,1100
119,16,4.0,161,75.92898880864321,1100
120,8,4.5,116,45.70845779352447,338
121,8,4.5,92,75.10814857577229,338
122,8,4.5,85,224.87889726449865,338
123,8,5.0,3,165.91590650961308,338
126,8,4.0,276,62.04971461550738,338
127,8,5.0,23,286.70293545700014,338
128,8,4.5,63,147.54824326655626,338
129,8,4.0,69,47.32785107871025,338
130,8,4.5,330,890.038831010138,338
131,8,4.0,215,82.31401014583372,338
132,8,4.0,84,133.92031265532722,338
134,8,4.0,323,189.5653037577248,338
135,8,4.5,6,193.70112600486922,338
136,8,4.0,70,246.88054795985832,338
137,8,4.5,84,585.5763100589309,338
138,8,4.0,28,83.8136750122836,338
139,8,4.0,193,336.97874325160547,338
141,7,4.5,26,243.74550419839568,286
142,7,5.0,76,280.395701464177,286
143,7,4.5,24,713.4391638201225,286
144,7,4.0,184,643.5698370095943,286
145,7,4.0,22,99.43293877168928,286
146,7,4.0,207,370.5835065034395,286
147,7,4.0,93,694.1564397554724,286
148,7,4.5,43,625.3911598580314,286
149,7,4.0,10,617.0601314430655,286
150,7,5.0,6,345.3248750765377,286
151,7,4.5,383,183.4669490267399,286
152,7,3.5,296,653.4652177326158,286
153,7,4.0,78,634.9875142470328,286
155,7,4.0,27,583.6929316291951,286
156,7,4.0,86,319.884748380198,286
157,7,4.0,22,332.0509258496862,286
158,7,4.0,14,615.6956368576848,286
159,7,3.5,45,384.3366579734189,286
160,1,4.5,173,16.625474799236926,300
161,1,4.5,38,78.90409439813973,300
162,1,4.5,114,610.7068917607007,300
164,1,4.0,184,553.9309746610323,300
165,1,4.5,24,609.7623593952119,300
166,1,4.0,130,140.99111943611078,300
167,1,4.5,29,303.3616473689475,300
168,1,4.0,22,806.9815272715243,300
170,1,5.0,76,588.7200096289325,300
171,1,4.5,26,622.5315226706682,300
172,1,4.5,12,307.76013291026425,300
173,1,4.0,16,644.0039845283311,300
174,1,4.0,178,294.86229897067506,300
175,1,4.0,54,181.35680413505227,300
176,1,4.0,32,596.1817785576058,300
177,1,4.0,27,714.7375214166963,300
178,1,4.0,9,596.187789001061,300
179,1,3.5,11,69.38777385609869,300
181,7,4.5,51,708.2266913752015,367
182,7,4.0,4,355.08704423844637,367
183,7,4.0,10,282.08937958151057,367
184,7,4.5,24,497.5599649982354,367
185,7,4.0,184,452.8918476781237,367
186,7,3.5,296,271.535799866748,367
187,7,4.0,93,291.2989245524815,367
188,7,4.0,320,407.2728676570002,367
189,7,4.0,78,256.088920938878,367
190,7,4.5,43,327.5935167063977,367
191,7,4.0,207,130.60327558979031,367
192,7,4.0,14,281.40332348988284,367
193,7,4.0,22,608.4640148726277,367
195,7,5.0,6,58.72760049955426,367
196,7,4.5,13,407.98482444601694,367
197,7,4.0,11,287.3000676617338,367
198,7,4.0,5,504.5188590788449,367
199,7,4.0,27,262.5318252530973,367
200,0,4.0,87,416.77973051607705,135
201,0,4.5,28,369.36766339864266,135
202,0,4.5,13,390.5363578108714,135
203,0,4.5,62,737.1358682969507,135
204,0,4.5,15,287.00569307125016,135
205,0,4.0,27,416.787938460979,135
206,0,4.5,8,434.3261060923525,135
207,0,5.0,14,317.90899652159766,135
208,0,4.0,67,1090.7436713941631,135
209,0,4.5,30,336.91406501838486,135
210,0,4.5,147,395.15201188048775,135
211,0,4.0,1,384.88864335510215,135
213,0,3.5,17,390.19081897586005,135
214,0,4.0,38,332.66395976889413,135
215,0,4.5,81,970.1342375499418,135
216,0,4.0,24,390.1908682536591,135
217,0,4.0,84,576.7532473468949,135
218,0,4.0,202,478.85747706141854,135
219,0,4.0,94,407.85941618231294,135
242,0,5.0,5,57.19334397687788,910
243,0,4.0,13,428.475754648505,910
245,0,4.5,76,800.849888060463,910
246,0,4.5,102,682.1866336459361,910
247,0,4.0,156,124.56082698339964,910
250,0,4.5,44,732.2759831247231,910
251,0,4.0,38,894.2044857504387,910
252,0,5.0,34,502.9292498051389,910
253,0,4.0,120,597.0947946644083,910
254,0,4.5,22,808.2325516786118,910
256,0,4.5,8,540.1024227030468,910
257,0,5.0,56,679.9650961580613,910
259,0,4.0,90,611.5487732422936,910
260,15,4.5,62,62.30276081644259,145
261,15,4.0,84,172.99749407281465,145
262,15,4.5,81,811.5845498414432,145
263,15,4.5,28,468.3648677162968,145
264,15,5.0,3,55.437142563887214,145
265,15,4.0,214,191.47993077815042,145
266,15,4.0,94,368.95324398561286,145
267,15,4.5,13,241.6361671873073,145
269,15,4.5,30,601.6147760582919,145
270,15,5.0,14,607.0728087620777,145
271,15,4.0,108,451.0345084941533,145
272,15,4.5,15,616.5875072630927,145
273,15,4.0,38,636.5022702140534,145
274,15,4.0,138,333.26553149394067,145
275,15,4.5,11,551.3243140098388,145
276,15,4.0,4,44.7305878213705,145
277,15,4.0,69,672.3746425378544,145
278,15,4.0,87,896.0720012854233,145
279,15,3.5,75,393.69519819783034,145
280,13,4.0,37,514.66166862975,137
281,13,4.0,231,464.69908133692354,137
282,13,4.5,14,469.4057790937696,137
283,13,4.5,2,507.54661508450624,137
284,13,4.5,173,653.2904504890805,137
285,13,4.5,64,665.2792870244064,137
286,13,3.5,31,415.8254919999728,137
287,13,4.5,81,1028.2034496110914,137
289,13,4.0,41,674.4873634687524,137
290,13,4.0,101,738.342973725775,137
291,13,4.5,43,409.1294241845222,137
292,13,4.0,161,559.6262146411514,137
293,13,4.5,31,468.22321812631697,137
295,13,4.5,4,763.3786625296808,137
296,13,4.0,17,593.4810649218342,137
297,13,3.5,6,458.8753387238357,137
298,13,4.0,69,659.0012812108613,137
299,13,4.0,48,749.8160081509459,137
300,11,4.5,81,423.42353249706457,81
301,11,4.0,101,344.5814862019747,81
302,11,4.0,37,504.47445132121425,81
303,11,4.5,64,356.49342007207633,81
304,11,4.0,128,321.2637736260231,81
305,11,4.5,173,385.8941402302397,81
306,11,4.0,48,338.49903221965906,81
307,11,4.0,41,370.19558055995714,81
308,11,4.0,231,580.5168823233531,81
309,11,4.0,57,340.0840371475015,81
311,11,4.0,39,686.6765838124089,81
312,11,4.5,62,1166.74682214585,81
313,11,4.0,76,475.3346866610098,81
314,11,4.5,5,466.724163022876,81
315,11,3.5,31,715.5883556827365,81
316,11,4.5,8,376.01389555628526,81
317,11,4.0,23,370.54864871161766,81
318,11,4.0,74,673.4566044599003,81
319,11,4.5,43,694.698133613753,81
320,3,4.5,3,872.5722455917763,45
321,3,4.5,24,843.2815868365756,45
322,3,3.5,34,48.99828056380159,45
323,3,4.0,86,592.4367110145528,45
324,3,4.5,24,800.8352183623911,45
325,3,4.5,24,573.694441504334,45
326,3,4.5,49,504.9538784811232,45
327,3,4.0,38,1005.8027813259531,45
328,3,3.5,35,483.55170597206,45
330,3,5.0,1,656.3605196496691,45
331,3,3.5,27,605.8380664694273,45
332,3,4.0,16,462.9801796819975,45
333,3,4.5,3,462.2063044125634,45
335,3,3.5,35,733.9258567009903,45
337,3,4.0,18,1030.819687852984,45
338,3,3.5,8,439.9293982713994,45
341,11,4.5,76,499.7690618041102,1000
342,11,4.5,44,525.652980178965,1000
345,11,5.0,34,276.99039030390344,1000
347,11,4.0,13,364.4998831695044,1000
348,11,4.0,38,770.2930193592675,1000
349,11,4.5,22,506.80157182352247,1000
350,11,4.0,63,324.6313485474975,1000
351,11,4.0,156,182.23867233939185,1000
352,11,5.0,5,360.1539950658944,1000
354,11,4.0,120,400.86794560947317,1000
356,11,4.5,12,279.28205177329016,1000
357,11,4.5,102,796.353308319327,1000
358,11,5.0,2,32.65734500969888,1000
359,11,4.5,5,209.6886809119545,1000
362,1,4.0,13,517.1327875803529,737
363,1,5.0,5,171.07224686362062,737
365,1,4.5,102,763.9766728089735,737
366,1,4.0,156,347.6442648484225,737
367,1,4.5,44,864.0987946744533,737
370,1,4.5,76,1017.4003726885127,737
371,1,4.0,38,1089.5134106486412,737
372,1,4.5,8,606.6541251497505,737
373,1,4.0,317,687.5153474650075,737
374,1,4.0,23,215.88418537805472,737
375,1,4.5,6,597.270502673242,737
376,1,5.0,34,727.447189070856,737
377,1,4.5,59,678.5640073567693,737
378,1,3.5,44,89.96156718548282,737
379,1,5.0,1,683.6884330363448,737
380,9,4.5,29,858.6641184294854,68
381,9,4.5,14,353.9337511990402,68
382,9,5.0,15,924.3320646102994,68
383,9,4.5,2,497.5721134403499,68
384,9,3.5,27,500.26624348039263,68
385,9,4.0,27,937.9205934460707,68
386,9,3.5,22,413.44054167024194,68
387,9,4.0,16,723.2408849916031,68
388,9,3.5,20,363.2194071320648,68
389,9,4.0,82,1068.8248645495758,68
390,9,4.0,14,528.2796187043433,68
391,9,4.0,19,731.7490671269017,68
392,9,4.0,2,444.8918997399243,68
393,9,4.0,4,1072.8079557317892,68
394,9,3.5,6,350.03867749689516,68
395,9,4.0,12,728.477661347855,68
396,9,4.5,2,410.1655331485205,68
397,9,4.0,13,924.3320646092765,68
398,9,5.0,1,794.0499398061357,68
399,9,4.0,20,1083.9396709278833,68
400,1,4.5,65,549.4020021665541,96
401,1,4.5,54,470.61787248843115,96
402,1,5.0,5,254.9542680558525,96
403,1,4.5,52,230.7210073508744,96
404,1,3.5,57,202.74665499546825,96
405,1,4.0,136,165.36616361583768,96
406,1,4.5,22,494.0883444869821,96
407,1,3.5,104,375.7270675998216,96
408,1,4.5,36,435.61640590857866,96
409,1,3.5,56,145.5348568094879,96
411,1,3.5,43,259.652524715732,96
412,1,5.0,4,183.24136529029832,96
413,1,4.0,75,188.04220338371587,96
414,1,5.0,8,163.42800638202874,96
415,1,3.5,47,198.7726122502336,96
416,1,4.5,11,280.4918309305345,96
417,1,4.0,82,259.1407859668144,96
418,1,3.5,110,280.6943672491935,96
419,1,3.5,57,284.6878517598877,96
420,0,4.5,30,379.59412045953405,81
421,0,4.0,3,309.9381520898853,81
422,0,4.5,76,384.13004088573126,81
423,0,4.0,169,364.5493441008551,81
424,0,4.0,10,391.7680183433248,81
425,0,4.5,12,180.42520418993226,81
426,0,3.5,71,645.5508513211936,81
427,0,3.5,87,602.5104217736108,81
428,0,5.0,4,601.7540482394179,81
429,0,3.5,40,389.764237707461,81
430,0,3.5,5,329.39228141785594,81
431,0,4.0,5,861.2752698727606,81
432,0,4.0,1,374.55981980693326,81
433,0,4.0,113,525.1684995270649,81
434,0,3.5,37,413.99959275441523,81
436,0,3.5,39,628.2959937723898,81
437,0,3.5,17,554.9396750228614,81
438,0,4.5,68,792.2493107004906,81
439,0,3.5,32,329.7247926042548,81
440,0,4.5,10,417.03140643567735,120
441,0,4.0,100,331.29823531830465,120
442,0,4.5,119,568.7392293183167,120
443,0,3.5,219,443.61181790074204,120
444,0,4.5,60,504.9648508267705,120
445,0,4.0,288,377.41104095446855,120
446,0,4.0,44,1008.8754699792273,120
447,0,3.5,55,672.9654984788202,120
448,0,4.5,68,91.60632722227815,120
449,0,4.0,42,460.6601454309861,120
450,0,3.5,39,107.73456634098736,120
451,0,4.0,33,677.6547600711126,120
453,0,4.5,12,448.04883512198137,120
454,0,5.0,1,638.1465250018583,120
455,0,3.5,15,20.959188793733414,120
456,0,3.5,26,481.99386267208223,120
457,0,4.5,30,1054.176948292308,120
458,0,4.0,11,417.27937293877113,120
459,0,3.5,40,906.2863381406418,120
480,4,4.5,114,298.7639940186863,363
481,4,4.5,330,624.6298177727587,363
482,4,5.0,2,343.3233005229259,363
483,4,4.0,22,511.82467076432977,363
484,4,4.5,24,571.2705324017721,363
485,4,4.0,318,99.96606530292487,363
486,4,4.5,36,413.80411311053354,363
487,4,4.5,193,692.9391501959676,363
488,4,4.5,60,420.38272089346293,363
489,4,4.0,184,625.0366101321873,363
491,4,5.0,1,384.5924791847885,363
492,4,4.0,16,413.77550417623803,363
493,4,4.0,74,274.79683414334806,363
494,4,3.5,57,99.30621241284557,363
495,4,4.0,23,198.204176338301,363
496,4,4.0,31,567.8904496328137,363
498,4,4.0,102,526.0716695036814,363
499,4,4.5,17,605.1243253938533,363
501,6,4.0,38,363.0376870375333,1100
504,6,4.0,128,261.38361628141547,1100
505,6,4.0,322,266.15097420823366,1100
507,6,4.5,163,703.3270024778036,1100
509,6,4.5,28,790.1363908418742,1100
511,6,4.0,207,296.942410758357,1100
512,6,4.5,12,263.38870479031283,1100
513,6,4.5,38,812.5954924585261,1100
514,6,4.5,76,861.5722155494972,1100
516,6,4.0,109,450.4297936342217,1100
518,6,5.0,3,262.1863768661021,1100
520,4,4.5,76,383.52361793454435,1200
521,4,4.5,83,391.33452327314285,1200
522,4,4.5,22,374.1964734185189,1200
524,4,4.5,44,692.6015233190233,1200
525,4,4.5,163,743.251151469283,1200
526,4,4.0,38,344.4491625949318,1200
527,4,4.0,126,270.7711216067824,1200
528,4,4.0,161,316.4566771232007,1200
530,4,4.5,210,302.7535561868769,1200
533,4,4.0,21,491.77547372833766,1200
535,4,4.0,118,711.8084235421816,1200
536,4,4.0,63,539.8465928582482,1200
537,4,4.5,314,698.0859565951083,1200
538,4,4.0,38,1045.4638830068718,1200
539,4,4.0,21,239.30089944594346,1200
540,1,4.5,30,243.23178668938579,68
541,1,4.0,10,300.2137526918058,68
542,1,4.5,76,477.00526726908896,68
543,1,3.5,87,407.21953791811035,68
544,1,4.0,5,561.7548544507462,68
545,1,3.5,71,444.6385611792479,68
546,1,4.0,3,450.8170957278379,68
547,1,4.0,169,483.71746386720565,68
548,1,3.5,5,360.85604059349373,68
549,1,4.0,113,396.78853094485265,68
550,1,4.5,12,509.28236925031126,68
551,1,4.0,1,458.8243458465881,68
552,1,3.5,40,524.988110724675,68
553,1,4.5,56,607.8896877969024,68
554,1,4.0,16,709.8773231640306,68
555,1,3.5,17,411.0703985831405,68
556,1,3.5,37,399.9983357568724,68
557,1,4.0,25,410.4323054339109,68
558,1,3.5,37,638.006336307376,68
559,1,3.5,116,867.1891908586078,68
560,0,4.5,42,378.59157152823377,117
561,0,4.5,174,573.5123064199561,117
562,0,4.5,137,293.7017683592007,117
563,0,4.5,73,532.0277376628984,117
564,0,4.0,205,603.6239989394525,117
565,0,4.5,16,470.17003928702735,117
566,0,4.0,11,380.1200543134988,117
567,0,4.0,45,335.75019674991904,117
568,0,4.5,56,285.16225396598554,117
569,0,5.0,5,900.6738115861535,117
570,0,4.5,38,468.840170122486,117
571,0,3.5,301,596.4336846509633,117
572,0,4.5,13,504.5192776813002,117
573,0,4.5,20,654.0409382581241,117
574,0,4.0,37,568.0608619502945,117
575,0,4.5,45,290.1109801112328,117
576,0,4.5,39,497.70541538305366,117
577,0,4.0,255,571.8660944937199,117
578,0,4.0,117,787.7092015049864,117
579,0,5.0,8,712.3830735995772,117
580,10,5.0,27,414.8535206411311,700
581,10,4.5,330,578.7639345520906,700
582,10,4.0,5,140.69211439031028,700
584,10,4.5,36,125.10634565999555,700
585,10,5.0,39,152.95994726640023,700
586,10,4.5,22,155.60529197931416,700
587,10,4.5,15,811.8070872195277,700
588,10,4.5,18,147.31739847524173,700
589,10,4.5,11,347.3547802275285,700
590,10,4.5,193,536.6813706374813,700
591,10,4.0,25,90.90792550667328,700
592,10,4.0,276,142.11265553076728,700
593,10,4.0,28,402.2829351540447,700
596,10,5.0,1,124.70507263189538,700
597,10,5.0,8,194.96764542468202,700
598,10,4.5,129,444.08494547652026,700
599,10,4.5,9,677.089805273469,700
602,4,4.5,44,285.74383297786284,768
603,4,4.0,13,87.23087802007946,768
604,4,4.5,76,706.6101360135655,768
605,4,4.5,8,57.46596547915646,768
606,4,4.5,51,775.3713759829642,768
608,4,5.0,56,174.50178052732434,768
609,4,4.0,26,236.05584863627752,768
610,4,4.0,370,254.2525867369641,768
611,4,4.0,29,228.27502775348813,768
612,4,4.5,22,708.4672353785735,768
613,4,4.0,246,396.6599241048242,768
614,4,4.5,12,338.9405472510884,768
616,4,4.0,30,87.9094934659146,768
617,4,5.0,5,543.8754276880363,768
618,4,4.0,52,355.60040904252975,768
619,4,4.0,156,476.3787203762895,768
640,3,4.5,17,362.9797908433432,797
641,3,4.5,38,501.1588798482821,797
643,3,4.0,38,712.459410555061,797
644,3,4.0,128,284.5124199910593,797
645,3,3.5,239,218.80560777660568,797
646,3,4.5,28,732.6479648049402,797
647,3,4.0,80,251.37440727535468,797
649,3,4.0,27,346.12163913361013,797
651,3,4.0,387,326.63632833314466,797
653,3,4.0,17,282.0563401366766,797
654,3,4.0,47,489.55722842067877,797
657,3,4.0,35,242.3993684130916,797
658,3,4.5,21,251.03368328111145,797
659,3,3.5,175,117.06509671494705,797
661,4,4.5,150,339.70095012481886,425
664,4,5.0,13,338.3339298772776,425
665,4,4.0,115,619.15261614632,425
666,4,4.0,13,777.5665762129945,425
667,4,4.5,8,364.48923924174414,425
668,4,4.5,6,373.32054795405975,425
669,4,4.0,317,526.0800961732468,425
670,4,4.5,51,994.8375733063699,425
672,4,4.5,59,542.6950161221704,425
673,4,4.5,63,416.5760859530349,425
674,4,3.5,29,431.24342360075326,425
675,4,4.0,246,591.2462813520724,425
676,4,4.5,44,973.7849694666527,425
677,4,4.0,328,377.61418174610685,425
678,4,4.0,370,622.5345964380533,425
679,4,4.5,8,713.0608789854747,425
680,10,5.0,27,38.25033186133411,808
682,10,4.5,305,739.3131718601712,808
684,10,4.5,129,16.64436170083894,808
685,10,4.5,6,245.64211140185097,808
686,10,4.5,36,458.98340245236227,808
687,10,4.5,22,289.3766213920902,808
688,10,4.5,219,206.08267258554488,808
689,10,4.0,5,460.59115976068733,808
690,10,4.0,118,389.0250776728167,808
691,10,4.0,28,247.6417564716565,808
692,10,4.5,83,667.9616903152455,808
694,10,4.5,18,296.51373386127665,808
695,10,5.0,39,291.72372380618106,808
696,10,4.5,13,413.00881304462695,808
697,10,4.0,373,112.02142037935188,808
698,10,5.0,8,249.28794298994384,808
699,10,4.5,15,910.4502379048183,808
700,1,4.0,61,573.9621125966897,192
701,1,4.5,276,485.2244182869466,192
702,1,4.5,131,657.5094484522973,192
703,1,4.0,30,479.6815677113971,192
704,1,4.5,22,706.2945134017891,192
706,1,4.0,73,611.7477073041042,192
707,1,3.5,85,683.9758813042707,192
708,1,4.5,3,567.4551434464747,192
709,1,4.0,26,683.4207445201201,192
710,1,4.5,128,693.9978749619977,192
711,1,4.5,13,651.3138955556587,192
712,1,4.0,245,607.7218766136717,192
713,1,4.0,24,805.9796904272753,192
714,1,4.5,23,630.3369744494219,192
715,1,4.0,175,1016.4009849008287,192
716,1,3.5,6,299.8093067229168,192
717,1,3.5,6,701.1756962032124,192
718,1,4.0,196,1050.536432301777,192
719,1,4.5,289,984.3077273885243,192
720,1,4.0,61,416.0096556151128,163
721,1,4.0,30,339.3120219098406,163
722,1,4.5,131,642.3990748287455,163
723,1,4.0,196,699.8448718060476,163
724,1,4.5,276,821.4652728781142,163
726,1,4.5,22,697.2024625970016,163
728,1,3.5,20,579.9251020184598,163
729,1,4.5,289,764.0204035655098,163
730,1,4.5,6,930.6729986716472,163
731,1,3.5,231,646.671446700085,163
732,1,4.0,24,797.8642949681603,163
733,1,4.0,151,588.8159240595936,163
734,1,4.0,27,598.6594090146127,163
735,1,3.5,6,668.9362829743575,163
736,1,3.5,6,352.19439896817613,163
737,1,3.5,80,393.8856897473036,163
738,1,4.0,36,782.7367916938101,163
739,1,4.5,128,830.0097704223821,163
740,5,4.5,131,312.672406362017,174
741,5,4.0,30,148.38809407959886,174
743,5,4.5,22,366.46633839013987,174
744,5,4.0,175,706.283641876325,174
745,5,4.0,61,753.4840168162292,174
746,5,4.0,27,889.3805189139936,174
747,5,4.5,289,671.8700541375913,174
748,5,3.5,6,350.1828120492988,174
749,5,4.5,276,827.5600484474803,174
750,5,4.5,128,477.8150380813671,174
751,5,4.5,24,753.2971636985706,174
752,5,4.0,24,469.75946726058334,174
753,5,4.0,245,388.59829706295926,174
754,5,4.5,13,442.41069673935857,174
755,5,5.0,1,283.4742868969403,174
756,5,4.5,2,44.7492087149716,174
757,5,4.5,3,844.4140135160269,174
758,5,4.0,2,363.5844671671049,174
759,5,4.0,196,994.8002809978112,174
761,11,4.0,27,705.3689675809981,328
762,11,4.5,61,566.7506161502348,328
763,11,4.5,22,331.18464673607133,328
764,11,4.0,233,542.6372886827146,328
765,11,4.5,15,797.5681264133981,328
766,11,4.0,38,51.06192662513948,328
767,11,4.5,10,684.056278412191,328
768,11,4.0,137,418.58680646423073,328
769,11,4.5,9,438.390691727316,328
770,11,4.5,20,639.2557549045977,328
771,11,4.0,175,807.3329846544307,328
772,11,4.5,156,535.2266744753241,328
773,11,4.0,107,620.7639765525546,328
774,11,3.5,121,64.62651452340684,328
775,11,4.5,20,395.74646123760857,328
776,11,4.5,3,332.4978233645429,328
777,11,4.5,157,631.8109613412637,328
778,11,4.0,27,588.2281448092114,328
779,11,4.0,24,745.8472601368322,328
780,1,4.0,109,281.5628962368375,63
781,1,4.5,35,849.4622417653143,63
782,1,4.5,12,960.8524112388684,63
783,1,4.5,41,734.3755043824456,63
784,1,4.5,4,588.7931129456299,63
785,1,3.5,35,220.7404480843292,63
788,1,4.0,84,1015.1892637726801,63
789,1,4.5,9,814.5344678519999,63
790,1,4.0,1,582.4602329930901,63
791,1,4.0,62,804.9872610379228,63
792,1,5.0,2,904.4568254252854,63
793,1,3.5,18,809.607049763339,63
794,1,4.5,26,1088.0622713992007,63
795,1,3.5,89,509.9745931330872,63
796,1,4.0,74,1005.3737219878177,63
798,1,4.0,48,960.227448004848,63
799,1,3.5,101,1082.386157052928,63
800,5,4.5,12,533.6496960375443,83
801,5,4.5,41,298.99031118608445,83
802,5,4.0,109,699.1539919161099,83
803,5,4.0,36,649.4623689129813,83
804,5,3.5,35,220.73317808210854,83
805,5,4.0,62,377.1841787806618,83
806,5,4.0,61,1011.0447890202593,83
808,5,4.5,26,704.2211545515088,83
809,5,4.0,48,531.8493399553892,83
811,5,4.5,23,1028.9043909163242,83
812,5,3.5,89,82.97035386412676,83
815,5,4.5,2,311.2304733821705,83
816,5,4.5,4,1013.0465403789136,83
817,5,4.0,18,722.7716441595275,83
818,5,4.5,22,829.7589362220704,83
819,5,4.0,84,1262.2763932964654,83
820,21,4.0,308,1195.1797004607674,83
822,21,5.0,5,785.6834211584543,83
823,21,4.0,3,817.4706495515663,83
825,21,3.5,13,615.6039675469833,83
826,21,4.0,104,951.3512011577452,83
827,21,3.5,179,1177.8203180372686,83
828,21,5.0,1,665.2013326293669,83
829,21,4.5,83,1161.4508100930714,83
830,21,4.0,208,485.95513473779437,83
831,21,4.5,149,1200.8562914288875,83
832,21,3.5,63,1264.087322893794,83
833,21,3.5,23,1199.7379894128896,83
834,21,4.0,12,1236.7838424714716,83
835,21,4.0,22,862.5777558478516,83
836,21,4.0,36,1236.7838424714716,83
837,21,4.0,72,1190.2090416401445,83
839,21,4.0,19,1153.2343099303075,83
840,2,4.0,61,311.6634006352784,121
841,2,4.5,12,376.76460284548455,121
842,2,4.0,36,69.31553526605244,121
843,2,3.5,231,285.11712613590214,121
845,2,3.5,20,378.95387050936426,121
846,2,4.0,8,196.19295229128795,121
847,2,4.5,276,895.7207957319722,121
848,2,4.0,27,349.0228149796269,121
849,2,4.5,22,290.55421686585976,121
850,2,4.0,196,835.9408691495382,121
851,2,4.5,23,499.71287226140413,121
852,2,4.5,41,465.5572864790825,121
853,2,4.0,48,369.593987458668,121
854,2,3.5,4,276.62902513036875,121
855,2,4.0,151,538.8665107547816,121
856,2,3.5,80,328.5815125446835,121
857,2,4.0,18,431.4270785366532,121
858,2,4.5,11,297.2052987475528,121
861,0,3.5,68,203.23832127258373,173
862,0,4.0,153,290.3205616405918,173
863,0,3.5,339,110.31307129449141,173
865,0,4.0,11,444.0149196462432,173
866,0,4.5,123,229.96066137167415,173
867,0,5.0,5,99.32755831382829,173
868,0,4.5,14,94.61776139292614,173
869,0,4.5,18,541.4114298082869,173
870,0,4.0,4,268.3505478832654,173
871,0,4.5,18,93.95041822679184,173
872,0,3.5,27,65.2493587001978,173
873,0,4.5,33,518.1336946376816,173
874,0,4.0,44,1130.1240258565465,173
875,0,3.5,132,37.55789158307756,173
876,0,4.5,7,97.84916550387017,173
877,0,3.5,55,853.6968486256877,173
878,0,3.5,67,30.40894630160396,173
879,0,3.5,110,176.82485682300305,173
880,1,4.5,3,292.30430486928,169
881,1,4.5,24,222.5441620839891,169
882,1,4.5,24,263.72150224167376,169
883,1,4.5,22,789.1037916039344,169
884,1,4.5,24,205.15728067448742,169
885,1,5.0,1,174.31959788280975,169
886,1,4.5,49,333.33262127770695,169
887,1,4.5,146,751.7919053297069,169
888,1,4.5,9,910.4111087883953,169
889,1,4.5,87,718.7436792865758,169
890,1,4.0,350,866.6406360364795,169
891,1,3.5,27,248.29464301118637,169
892,1,4.5,3,1048.000026338357,169
893,1,3.5,35,224.11687154352842,169
894,1,5.0,12,1047.3688570753548,169
895,1,4.0,38,941.2953585437276,169
896,1,4.0,264,783.0268283920616,169
897,1,3.5,35,401.344544477232,169
898,1,4.0,91,843.8066085395477,169
899,1,4.0,28,904.1404126900408,169
901,0,4.5,24,261.313062671353,401
902,0,4.5,51,633.5443698484178,401
903,0,4.0,22,357.2311198858954,401
904,0,4.0,184,237.01658904532863,401
905,0,4.0,4,315.60494240202337,401
906,0,4.5,114,587.4122145471026,401
907,0,3.5,296,142.80653568189268,401
908,0,4.0,320,339.45310101496483,401
909,0,4.0,27,14.100022057498913,401
910,0,4.0,93,305.13599097914033,401
912,0,4.0,78,371.21954275849373,401
913,0,4.0,10,448.4370897944913,401
914,0,4.5,13,410.20558955210055,401
915,0,4.0,207,201.70697981388568,401
916,0,4.0,11,302.9736679943802,401
917,0,4.0,5,480.5262897528872,401
918,0,4.5,43,513.5465905463691,401
919,0,4.0,14,448.61270517768133,401
920,2,4.5,51,372.8911915225994,446
921,2,4.0,169,32.025438920777376,446
922,2,4.0,5,155.71057215760004,446
923,2,4.0,4,120.01545062924448,446
924,2,4.0,320,157.94543976128668,446
926,2,4.0,10,209.90448655270652,446
927,2,4.0,93,96.23679702991065,446
928,2,4.5,43,268.18964999872867,446
929,2,4.5,13,61.594503167513906,446
930,2,4.0,78,133.8980202440236,446
931,2,3.5,296,270.1187878589608,446
932,2,4.0,11,98.66161255607977,446
933,2,4.0,14,211.44299736246646,446
934,2,4.0,22,625.0564864268429,446
935,2,4.5,24,634.2680028847761,446
936,2,4.0,8,180.62175739395676,446
938,2,4.0,150,41.427427549498454,446
939,2,4.0,135,270.36660451107855,446
941,4,4.5,273,592.7425473780111,1100
943,4,4.5,305,587.4859664622284,1100
944,4,4.5,163,466.59667505877053,1100
945,4,4.5,17,483.12724973513394,1100
946,4,4.5,38,675.1008202887389,1100
947,4,4.0,109,106.2327430372798,1100
950,4,4.0,207,261.56920056388253,1100
951,4,4.0,14,222.667945228481,1100
952,4,4.0,245,220.7064375383613,1100
953,4,4.0,330,324.6873041523564,1100
954,4,4.0,38,905.0559525255072,1100
955,4,4.5,28,855.8326021459317,1100
956,4,4.0,128,672.9943027373821,1100
957,4,4.0,220,269.0839284500262,1100
958,4,4.0,45,262.053348551739,1100
959,4,4.5,314,465.0096629261702,1100
960,9,4.5,29,592.7887118414923,71
961,9,4.5,44,598.2928751091624,71
962,9,4.0,88,531.6450947497431,71
963,9,4.0,36,609.8355901582697,71
964,9,4.0,63,834.288539730037,71
965,9,4.0,86,349.2533331432657,71
966,9,4.0,46,521.8398751888409,71
967,9,4.5,56,907.1716525974476,71
968,9,4.0,92,57.85000289414894,71
969,9,3.5,11,179.95583554458398,71
970,9,4.5,141,533.8944475441215,71
971,9,3.5,77,265.01499921247034,71
972,9,4.0,54,1102.845260186782,71
973,9,4.0,135,229.21061615194756,71
974,9,4.0,87,1028.8566169928768,71
975,9,3.5,47,142.98542483026532,71
976,9,4.0,26,121.50436473835276,71
977,9,4.0,3,724.686697389789,71
978,9,4.5,32,639.5102754433483,71
979,9,5.0,1,610.1273884055075,71
980,15,4.5,29,911.7015863780949,88
981,15,4.0,63,671.333216675707,88
982,15,4.0,75,235.57191341576356,88
983,15,4.5,44,908.2065654015504,88
984,15,4.5,16,475.4514569837468,88
985,15,4.0,36,895.0041256849721,88
986,15,4.5,56,597.3822324649182,88
987,15,4.5,95,885.695803663816,88
988,15,4.0,42,441.79054181124167,88
989,15,4.5,4,966.9644201846153,88
991,15,4.0,46,983.0192187780002,88
993,15,4.0,53,424.946963851977,88
994,15,5.0,4,848.2284205848697,88
995,15,4.5,2,999.8500762320987,88
996,15,4.0,3,780.3387614485753,88
997,15,4.0,47,834.8754632401741,88
998,15,4.0,7,662.2162059578444,88
999,15,4.5,3,269.02910098329073,88
1000,9,4.0,88,363.8679041812594,43
1001,9,4.5,141,378.743739890554,43
1002,9,4.0,87,728.5519969506174,43
1003,9,4.0,86,792.8184176991757,43
1004,9,3.5,77,354.50376311852585,43
1005,9,4.5,39,615.277148701185,43
1006,9,4.5,32,436.4309164096729,43
1007,9,4.0,46,938.826018615027,43
1008,9,4.0,92,544.0842654363206,43
1009,9,4.0,15,629.7413615887327,43
1011,9,4.0,38,368.2168958023575,43
1012,9,3.5,58,376.5100899266652,43
1013,9,3.5,11,647.5944016103841,43
1014,9,4.0,135,687.6812549107617,43
1015,9,4.0,90,428.77555695088563,43
1016,9,4.0,26,596.0779832057071,43
1019,9,5.0,5,465.9482995361333,43
1020,13,4.5,16,440.5481092623848,54
1021,13,4.0,75,451.63350757459887,54
1022,13,4.0,63,1129.239401000693,54
1023,13,4.5,56,1044.2027650283328,54
1025,13,4.5,2,762.5897666966914,54
1028,13,3.5,4,418.45393848624144,54
1029,13,4.0,53,670.3757645365632,54
1030,13,4.5,31,822.5611479794671,54
1031,13,4.0,20,758.7596336425843,54
1032,13,4.0,3,1228.3588067030396,54
1033,13,4.0,42,908.954410791168,54
1035,13,4.0,61,432.8246143087314,54
1036,13,4.5,3,450.93460699132964,54
1037,13,3.5,58,392.2018056305004,54
1038,13,4.0,7,1096.800992473998,54
1039,13,4.0,57,552.8913762699303,54
1040,7,4.5,150,490.40585304347917,150
1041,7,4.5,8,464.8845317626426,150
1042,7,4.5,59,661.7344952581324,150
1043,7,4.0,317,652.8020065748418,150
1044,7,5.0,13,492.3714236075148,150
1045,7,4.5,10,952.842963926122,150
1046,7,5.0,52,1263.3922085845156,150
1047,7,4.5,18,568.985416464787,150
1048,7,4.0,17,743.6517759181494,150
1050,7,4.5,30,975.6018702115593,150
1051,7,5.0,14,984.5804895519904,150
1052,7,4.5,63,518.0052854272625,150
1053,7,3.5,161,487.19752381267756,150
1054,7,4.0,89,1025.3695799317866,150
1055,7,4.5,51,535.2546599772882,150
1056,7,4.5,6,795.9540097076159,150
1057,7,4.5,15,1000.2978734412284,150
1058,7,4.0,1,491.26621575841176,150
1059,7,4.0,38,952.3281400276179,150
1060,9,4.0,108,223.70632009857067,314
1061,9,4.0,13,196.86409533320668,314
1062,9,4.0,330,246.94704724889007,314
1063,9,4.5,16,261.76291693328164,314
1064,9,4.0,3,214.5110878337157,314
1065,9,4.0,124,198.67997571445665,314
1066,9,4.0,244,205.50005000666619,314
1067,9,4.0,243,319.50175903418227,314
1068,9,4.0,238,214.3849695657933,314
1069,9,4.5,57,398.16233388786463,314
1070,9,4.0,175,255.09894258841857,314
1071,9,4.0,214,255.09892578769333,314
1072,9,4.5,10,511.39688149320193,314
1074,9,4.0,41,378.95766255405334,314
1075,9,4.0,24,450.05775098728236,314
1076,9,4.5,23,249.9380318040622,314
1077,9,4.0,85,312.0403753022099,314
1078,9,4.0,233,687.3775888434909,314
1079,9,4.0,41,445.1268153609173,314
1080,21,4.5,76,244.36073247686173,1100
1083,21,4.5,22,252.008771856145,1100
1084,21,4.0,38,687.6428720245476,1100
1085,21,4.0,63,74.81514210845508,1100
1086,21,4.5,44,509.5991331601956,1100
1087,21,5.0,34,209.5388950314341,1100
1091,21,4.0,13,526.8921644933071,1100
1092,21,4.0,120,310.6117621884325,1100
1094,21,4.5,12,234.7878470532396,1100
1095,21,4.5,210,363.2280084343257,1100
1096,21,4.5,5,143.0549214599483,1100
1098,21,4.0,322,664.9817472629443,1100
1099,21,4.0,156,432.5702745866234,1100
1100,1,4.5,330,844.3742218329346,300
1101,1,4.5,114,636.6548461148726,300
1103,1,4.5,36,402.6142574472615,300
1104,1,4.5,60,401.3980069171385,300
1105,1,4.0,210,656.35517278425,300
1106,1,5.0,2,759.5160039122666,300
1107,1,4.0,318,507.3641781085206,300
1108,1,4.0,222,645.4293885884579,300
1109,1,4.5,39,551.1491112965253,300
1110,1,4.5,17,500.8107926099338,300
1111,1,4.0,77,435.6498768257357,300
1112,1,5.0,1,672.7246386960583,300
1114,1,4.5,193,890.129548346005,300
1115,1,4.5,84,667.3932198381984,300
1117,1,5.0,1,486.5660913666503,300
1118,1,5.0,1,444.30220032447716,300
1119,1,4.5,24,955.5928722401718,300
1120,7,4.0,222,488.2920870634266,92
1121,7,4.0,210,472.1241282135962,92
1122,7,4.5,36,449.1046363284845,92
1123,7,4.0,5,485.92279897427056,92
1124,7,5.0,12,584.0504918330853,92
1125,7,4.5,39,800.9695485556316,92
1126,7,4.5,20,436.9447813492532,92
1127,7,4.5,84,810.5647059234612,92
1128,7,4.5,122,655.3863180066699,92
1129,7,4.0,13,772.2083931930414,92
1130,7,4.0,69,472.1241282135962,92
1131,7,5.0,5,744.5115817216007,92
1132,7,3.5,45,513.8554534395861,92
1133,7,5.0,15,1068.8841498729182,92
1134,7,4.0,49,735.3161868712488,92
1135,7,3.5,356,561.534112571651,92
1136,7,3.5,165,557.3958765631639,92
1137,7,4.5,7,800.9695485556316,92
1138,7,4.5,64,833.9751454513463,92
1140,19,4.0,243,283.8848688984706,216
1142,19,4.0,308,370.1905130740248,216
1143,19,4.5,23,652.9981374088653,216
1144,19,4.0,108,487.72011476792505,216
1145,19,4.0,13,496.2038497182517,216
1146,19,4.5,74,508.8158904837178,216
1147,19,4.5,85,486.0727856365142,216
1148,19,4.0,214,464.27021009547536,216
1149,19,4.0,3,445.8402060823858,216
1150,19,4.5,131,597.5873427463406,216
1151,19,4.0,41,425.6931067490281,216
1152,19,4.0,330,812.8892628246039,216
1154,19,4.5,83,186.1717650758476,216
1155,19,4.0,104,151.37251560181508,216
1156,19,3.5,179,224.661328004692,216
1157,19,3.5,23,187.28534624661302,216
1158,19,4.0,19,187.24077026201616,216
1159,19,4.0,13,475.242891687656,216
1160,0,5.0,15,445.2214331590786,216
1161,0,5.0,10,313.12020813436334,216
1162,0,5.0,12,249.32838733715963,216
1163,0,4.0,222,820.4606457464795,216
1164,0,5.0,28,426.0296656659941,216
1165,0,4.5,84,597.1292294750021,216
1166,0,5.0,3,738.7595951396158,216
1167,0,4.5,116,792.6723888614864,216
1168,0,4.5,85,730.9611194244676,216
1169,0,4.5,92,758.5617433199018,216
1170,0,4.0,276,803.3701351345383,216
1171,0,5.0,4,718.1871850619989,216
1172,0,4.0,5,588.4840279215533,216
1173,0,4.5,256,919.4894025023398,216
1174,0,4.5,2,800.0185946684279,216
1176,0,4.5,64,634.3579526582229,216
1177,0,4.5,3,114.99094484516407,216
1178,0,4.0,210,848.20125858554,216
1179,0,4.0,86,629.3220479918588,216
1180,2,4.5,65,401.9733167053938,109
1181,2,4.5,54,339.5251739657943,109
1182,2,4.5,22,341.4812412181167,109
1183,2,4.5,52,224.12364233461182,109
1184,2,3.5,104,265.02287207593764,109
1185,2,3.5,57,174.19653088623062,109
1186,2,4.0,136,260.42776622136824,109
1187,2,5.0,4,18.874982820538577,109
1188,2,5.0,5,445.2719558097963,109
1190,2,4.5,36,600.5334458895246,109
1191,2,3.5,56,214.25445334191718,109
1192,2,4.0,9,446.2633283356111,109
1193,2,4.0,75,187.81549886322207,109
1194,2,3.5,47,174.02354881588627,109
1195,2,4.5,6,453.970478213935,109
1196,2,4.0,82,186.10369374055446,109
1197,2,4.0,180,368.33056063014334,109
1198,2,3.5,43,446.9043563543744,109
1199,2,5.0,8,268.6578129143658,109
1200,2,4.0,210,438.68965316870424,101
1201,2,4.5,39,82.4295621916055,101
1202,2,4.0,222,467.1817586115731,101
1203,2,4.0,13,81.17886280400836,101
1204,2,4.5,7,82.4295621916055,101
1205,2,3.5,165,318.81132902544965,101
1207,2,4.5,122,157.966476376509,101
1208,2,3.5,356,327.5003391621844,101
1209,2,4.0,49,196.07325457939584,101
1210,2,4.0,69,438.68965316870424,101
1211,2,4.5,29,708.8469780358628,101
1212,2,4.0,45,269.41787076297277,101
1213,2,4.5,20,656.002727479066,101
1214,2,4.5,38,851.7661991817944,101
1216,2,4.5,114,1040.5306999465772,101
1217,2,4.5,339,852.2335564276898,101
1218,2,4.0,16,262.58562163920294,101
1219,2,4.5,173,879.8602019839064,101
1220,2,4.0,222,259.73447847123765,94
1221,2,4.0,210,223.02890884326075,94
1222,2,4.5,39,317.56517827828554,94
1223,2,4.0,13,287.5744919532615,94
1224,2,4.5,122,174.23382163899169,94
1225,2,4.0,49,341.6472322771561,94
1227,2,4.5,84,704.7698835189345,94
1228,2,4.5,7,317.56517827828554,94
1229,2,4.0,5,474.5449460016383,94
1230,2,3.5,165,283.92325490914465,94
1231,2,4.0,69,223.02890884326075,94
1232,2,3.5,356,295.47059798709284,94
1233,2,4.5,20,422.62487013445985,94
1234,2,4.5,64,705.5306866529054,94
1235,2,3.5,45,492.2580030454145,94
1236,2,4.0,16,148.87982041179933,94
1237,2,5.0,12,828.5055949539621,94
1238,2,4.5,36,808.9566586470391,94
1239,2,4.0,45,533.5114269104505,94
1240,1,4.0,222,251.09213911317937,157
1241,1,4.0,210,250.07741597190883,157
1242,1,4.5,84,544.1592811534833,157
1243,1,4.0,5,219.9709429498547,157
1244,1,4.5,39,677.7482454334793,157
1245,1,5.0,12,460.5907492971085,157
1246,1,4.5,20,166.8922310726389,157
1247,1,4.5,64,565.468370668471,157
1248,1,4.0,69,250.07741597190883,157
1249,1,4.5,122,511.3233559927143,157
1250,1,4.0,13,643.8935447633662,157
1251,1,3.5,45,248.17427299382086,157
1252,1,4.5,36,718.2089967878258,157
1254,1,4.0,49,707.2675908255574,157
1255,1,4.5,7,677.7482454334793,157
1256,1,5.0,15,1030.255244163366,157
1257,1,3.5,35,246.7654700706748,157
1258,1,3.5,165,582.9296370726789,157
1260,3,4.5,3,820.3035448452281,134
1262,3,4.5,24,796.4285721263714,134
1263,3,4.5,22,1031.4863402609801,134
1264,3,4.5,24,762.3151293346484,134
1265,3,4.0,392,885.0007633185986,134
1266,3,4.5,24,708.0677703266671,134
1267,3,4.0,350,924.4573835951364,134
1268,3,4.5,146,1054.8016922025547,134
1269,3,3.5,6,991.4723967697053,134
1270,3,4.0,264,905.7503000323863,134
1271,3,5.0,52,899.892807975458,134
1272,3,4.0,89,880.1918407688844,134
1273,3,4.5,24,906.477631098092,134
1274,3,4.5,31,905.4158146579957,134
1275,3,5.0,2,1023.5489448435187,134
1276,3,4.5,87,1085.0439582955262,134
1277,3,4.5,124,936.2458064888962,134
1278,3,4.5,36,929.2815725811912,134
1279,3,4.5,49,752.2339326137019,134
1280,2,4.5,3,856.6917573407509,68
1281,2,4.0,38,169.38784791478076,68
1282,2,4.5,24,850.1703905074285,68
1283,2,4.5,24,842.7342337149538,68
1284,2,4.0,21,321.17117230392404,68
1285,2,4.5,24,698.2995933659324,68
1286,2,4.0,18,325.8794959570688,68
1287,2,4.5,2,634.0496697872279,68
1288,2,4.5,49,629.9556514453473,68
1290,2,4.0,86,786.6021015631939,68
1291,2,4.5,199,1274.2038850985045,68
1292,2,3.5,35,607.9199569998326,68
1294,2,4.5,17,1207.8204670712682,68
1295,2,3.5,27,650.6325729600904,68
1296,2,3.5,44,444.422975532564,68
1297,2,5.0,1,730.2305066407982,68
1298,2,3.5,35,719.4077245394818,68
1299,2,4.0,144,1165.081883202636,68
1300,4,4.0,67,531.732941426666,298
1301,4,4.0,153,484.2687505081796,298
1302,4,4.0,39,275.5829324006457,298
1303,4,5.0,1,247.36857337985737,298
1304,4,4.0,14,143.44126711806356,298
1305,4,5.0,9,404.4097724345312,298
1307,4,4.5,14,375.9738441248629,298
1308,4,4.5,28,816.2573528296788,298
1310,4,4.5,102,586.2671957532089,298
1312,4,4.0,301,294.9488758692987,298
1313,4,4.5,292,254.0424758084322,298
1315,4,4.0,110,302.8486426752229,298
1316,4,3.5,212,391.36473675395325,298
1318,4,4.5,24,442.81248869778335,298
1319,4,5.0,3,816.6392246137517,298
1320,0,4.0,9,403.27593992300524,12
1322,0,4.5,383,1120.374032370502,12
1323,0,4.5,26,1106.774364031053,12
1324,0,4.0,22,1233.7229631898233,12
1325,0,5.0,5,1222.5923153033254,12
1326,0,4.5,17,1253.1529599800951,12
1327,0,4.5,18,1264.40930836842,12
1329,0,3.5,4,1228.402681828123,12
1332,6,4.0,27,465.945914973794,258
1333,6,4.5,131,332.1386393168277,258
1335,6,4.0,175,336.9939514366991,258
1336,6,4.5,23,678.6532999709855,258
1337,6,4.5,289,316.09617807695116,258
1338,6,4.5,24,377.85785549607033,258
1339,6,4.5,22,298.1941224631281,258
1340,6,4.5,20,583.0297952689648,258
1341,6,4.5,85,688.6628364648683,258
1342,6,4.0,107,577.2210096869708,258
1343,6,4.5,61,746.5795356662953,258
1344,6,5.0,4,896.743161871431,258
1345,6,4.0,24,238.01282367097656,258
1346,6,3.5,6,284.35128122379405,258
1347,6,4.0,233,838.4928590164312,258
1348,6,4.0,30,551.1814494581305,258
1349,6,5.0,8,734.889318643936,258
1350,6,4.5,128,552.3969493029251,258
1351,6,4.0,27,655.4494572881438,258
1352,4,4.5,273,642.7872016995276,1200
1354,4,4.5,305,221.10271428182068,1200
1355,4,4.5,163,179.40160492864933,1200
1358,4,4.5,17,507.3585958553645,1200
1360,4,4.0,330,236.1148241894524,1200
1361,4,4.5,348,221.62167694459603,1200
1362,4,5.0,27,818.4592711014328,1200
1363,4,4.5,28,796.1700094847148,1200
1364,4,5.0,3,58.91156377241178,1200
1366,4,3.5,196,37.09969006174707,1200
1367,4,4.0,245,320.5767106272978,1200
1368,4,4.5,314,395.02157609103347,1200
1369,4,4.0,220,237.60577181764785,1200
1370,4,4.5,83,700.7964738594679,1200
1371,4,4.0,109,510.70364759082634,1200
1372,4,4.5,191,532.3703205569801,130
1373,4,4.0,44,207.1562069628484,130
1374,4,5.0,8,672.6072399178023,130
1375,4,4.0,44,811.5534820735971,130
1376,4,4.5,48,665.3054711251216,130
1377,4,4.0,63,683.7200435514967,130
1378,4,3.5,3,207.04998598448987,130
1379,4,4.0,2,573.74103175071,130
1380,4,3.5,52,592.386355529597,130
1381,4,4.5,36,718.8421213250363,130
1382,4,4.0,81,812.5225245283858,130
1383,4,4.0,5,529.0008558405377,130
1384,4,4.0,106,849.2644022062343,130
1385,4,4.5,7,842.7629355465166,130
1386,4,4.0,11,855.0662845018202,130
1387,4,4.5,38,763.2321882185968,130
1388,4,5.0,1,532.3703205569801,130
1389,4,4.0,11,620.1953746109929,130
1390,4,4.0,45,893.365120307965,130
1391,4,3.5,26,645.3118111326502,130
1393,3,4.0,38,585.4094810049248,893
1395,3,4.5,38,533.1728620802613,893
1396,3,4.0,128,164.88378455774975,893
1397,3,4.5,28,809.5909580138057,893
1398,3,3.5,239,291.8961195425364,893
1399,3,4.5,17,604.047067461024,893
1401,3,4.0,35,81.84358086986538,893
1402,3,3.5,206,26.779636412389827,893
1405,3,4.0,322,567.86150618902,893
1406,3,4.0,207,393.9348708248857,893
1407,3,4.0,17,269.92549440469463,893
1409,3,4.0,387,412.9280870976944,893
1411,3,4.0,109,484.12083681248464,893
1412,9,4.5,273,128.18371363619377,766
1414,9,4.5,17,59.16334729423329,766
1416,9,4.5,305,372.52279482692916,766
1417,9,4.5,28,325.8983093637717,766
1420,9,4.0,52,529.4038266508486,766
1422,9,4.0,47,347.7539687206675,766
1423,9,4.5,163,654.8400957942147,766
1424,9,3.5,193,82.70468721710616,766
1426,9,4.0,356,374.09909585431177,766
1428,9,4.0,330,339.2581740744588,766
1429,9,4.0,38,33.5997873807749,766
1430,9,4.5,348,372.1344321568551,766
1432,6,4.0,27,821.3356673602523,236
1433,6,4.0,175,708.3659564939695,236
1434,6,4.5,131,621.3269818742182,236
1436,6,4.5,22,595.3692328206221,236
1437,6,4.0,137,530.9753263335141,236
1438,6,4.5,276,759.2187453787724,236
1439,6,3.5,85,555.2915945197343,236
1440,6,4.5,289,692.9235314978768,236
1441,6,4.5,128,346.99341400748057,236
1442,6,4.5,22,623.9936394562066,236
1443,6,4.5,24,723.1240085034892,236
1444,6,4.0,26,570.0955793241337,236
1445,6,4.0,73,606.9508937401422,236
1446,6,4.5,20,545.3183270789295,236
1447,6,4.5,13,331.72538937290636,236
1448,6,4.5,3,596.7720960261036,236
1449,6,4.0,245,353.78800673392715,236
1450,6,4.0,44,531.3777477578583,236
1451,6,4.0,24,658.9479426973082,236
1452,2,4.5,26,85.34624702828903,226
1453,2,5.0,76,31.184780762315317,226
1454,2,4.0,22,28.70246713425037,226
1455,2,3.5,45,75.55069418241222,226
1456,2,4.0,22,61.446643996895226,226
1458,2,4.5,383,139.13642891528994,226
1459,2,3.5,34,246.7576188047626,226
1460,2,3.5,123,52.103693611038196,226
1461,2,3.5,116,263.8094117366258,226
1463,2,4.5,38,654.2058514382751,226
1464,2,4.5,173,572.1302906961274,226
1466,2,4.5,29,655.5672309273513,226
1467,2,4.5,24,935.7417334074576,226
1468,2,4.0,184,862.9474832011134,226
1469,2,4.0,16,418.60955496755616,226
1470,2,4.0,86,623.0727257173825,226
1471,2,4.0,5,638.5100122709083,226
1472,15,4.0,330,357.5787772646845,409
1473,15,4.5,57,68.28073286085689,409
1474,15,4.5,16,360.6783536758709,409
1475,15,4.0,85,92.07744910411408,409
1476,15,4.0,124,349.44933205424337,409
1477,15,4.5,10,532.9832914646706,409
1478,15,4.5,23,141.79155948504948,409
1479,15,4.0,238,364.50042957592166,409
1480,15,4.0,13,576.419801295717,409
1481,15,4.0,175,363.53053002094924,409
1482,15,4.0,244,341.51087416348116,409
1483,15,4.0,108,602.1763236401498,409
1484,15,4.0,41,427.58682187368487,409
1485,15,4.0,24,484.29876986741,409
1486,15,4.0,82,511.79579763481036,409
1487,15,4.5,126,655.591261834986,409
1488,15,4.5,33,614.9560408524625,409
1489,15,4.0,233,760.4737078218013,409
1491,15,4.0,39,95.69986786571751,409
1492,2,4.0,27,99.59880703822691,314
1493,2,4.5,61,199.8571589624097,314
1494,2,4.5,20,31.23763641157073,314
1495,2,4.0,107,38.45319737233075,314
1496,2,4.0,175,283.0322442192258,314
1497,2,4.0,233,293.25096396364717,314
1498,2,4.5,24,234.87043876090482,314
1499,2,4.5,289,317.9078732531544,314
1500,2,4.0,321,86.9170432402565,314
1501,2,4.0,27,103.27490384004592,314
1502,2,4.5,10,491.5929363012622,314
1504,2,4.0,330,660.169609802796,314
1505,2,4.0,24,524.0698568178111,314
1506,2,4.0,108,715.5637833601872,314
1507,2,4.5,22,492.66460806831344,314
1508,2,3.5,48,127.14673049223907,314
1509,2,4.5,131,685.4779534430461,314
1510,2,4.0,137,468.44182971033615,314
1511,2,4.0,41,572.5734963259465,314
1512,21,4.0,67,629.0997871599018,210
1513,21,4.5,10,124.18524479187498,210
1514,21,5.0,3,523.2536604891411,210
1515,21,4.0,39,755.6596236480887,210
1516,21,5.0,9,669.9985586713635,210
1517,21,5.0,1,863.4799623022236,210
1518,21,4.5,14,684.9315589706256,210
1519,21,4.5,147,827.0197419823869,210
1520,21,4.0,17,552.4625866498732,210
1521,21,4.5,59,635.8066567908478,210
1523,21,4.5,24,534.1755434573256,210
1524,21,4.0,317,652.4482814557182,210
1525,21,4.5,125,897.0295954142424,210
1526,21,4.5,8,918.3291253756329,210
1527,21,4.5,8,551.9696278861445,210
1528,21,5.0,1,567.9981758585927,210
1530,21,4.0,1,902.4090958192046,210
1531,21,4.5,13,947.5564363437062,210
1552,4,4.5,81,386.668844328462,161
1553,4,4.5,62,718.9662436399221,161
1554,4,4.0,87,360.61891641649146,161
1555,4,4.0,39,47.61951355421574,161
1556,4,4.0,27,459.80904202055007,161
1557,4,4.5,13,500.2107739151525,161
1558,4,4.0,202,240.60474899508839,161
1559,4,4.5,8,557.2483006599888,161
1560,4,4.0,74,62.66017060819014,161
1561,4,4.0,101,715.8741656267641,161
1562,4,4.5,147,627.0469757219986,161
1563,4,4.0,24,458.0805234265967,161
1564,4,4.0,1,546.1658375891121,161
1566,4,3.5,130,310.9309563712089,161
1568,4,3.5,17,563.6482971810906,161
1569,4,4.0,49,60.83102571239654,161
1570,4,4.5,28,795.8005140035198,161
1571,4,4.0,128,697.4641254027931,161
1572,4,4.0,67,493.19735377553434,126
1573,4,4.0,153,503.93448388972644,126
1574,4,4.5,125,179.36026719295745,126
1577,4,4.0,39,641.1090399934163,126
1578,4,4.5,3,171.19673648598712,126
1579,4,5.0,3,531.1762788801561,126
1581,4,5.0,9,570.5584083151347,126
1582,4,4.0,45,517.7599477935835,126
1583,4,4.5,14,587.5784477998667,126
1584,4,4.5,8,784.1694732249324,126
1585,4,4.5,147,779.0680518675775,126
1586,4,4.0,202,756.2481279305753,126
1587,4,4.5,13,851.0877479522162,126
1588,4,3.5,212,546.4823393826437,126
1590,4,4.0,1,825.1649767952139,126
1591,4,4.0,27,865.140350636863,126
1592,8,4.0,67,536.8329672273696,130
1593,8,4.0,153,237.36945297719632,130
1596,8,4.0,39,559.8871134012776,130
1597,8,4.5,125,439.3840201493628,130
1599,8,4.0,45,401.20524425363465,130
1600,8,4.5,3,364.17890295443635,130
1601,8,5.0,9,548.973927895488,130
1602,8,5.0,3,702.4346178570235,130
1603,8,4.0,202,635.4873972317107,130
1604,8,4.5,14,552.4626929553203,130
1605,8,3.5,212,306.5034342947263,130
1607,8,5.0,1,888.2643836525098,130
1609,8,4.0,14,807.7215406685189,130
1610,8,4.0,9,269.50162683743696,130
1611,8,3.5,77,269.7671523698702,130
1612,10,4.5,273,568.3574246094732,1100
1613,10,4.5,305,75.15820927014249,1100
1615,10,4.5,163,341.7172463400853,1100
1617,10,4.5,17,447.9749625145662,1100
1618,10,4.5,28,675.3822104005664,1100
1620,10,5.0,27,729.8315197021437,1100
1621,10,4.5,348,75.67853974131175,1100
1622,10,4.0,330,273.89419244925705,1100
1625,10,5.0,3,105.44703433759621,1100
1627,10,4.5,13,112.35551499161049,1100
1628,10,4.0,52,848.4992854861148,1100
1629,10,4.0,295,332.90604549138635,1100
1631,10,4.0,356,595.8378784709911,1100
1632,10,4.5,330,507.24158667710486,741
1633,10,5.0,2,340.33790633540946,741
1634,10,4.5,193,549.4192157960356,741
1635,10,4.0,31,458.9859550354656,741
1636,10,4.0,21,459.69343609248256,741
1637,10,5.0,27,939.729906851539,741
1638,10,4.0,22,763.0161430045422,741
1640,10,4.5,114,831.0104012078508,741
1641,10,4.5,36,774.1096345230443,741
1642,10,4.5,83,766.5611259080914,741
1643,10,4.0,9,434.558711901686,741
1644,10,4.0,318,609.6194835930415,741
1645,10,5.0,1,468.1970608153514,741
1646,10,4.0,23,411.6615210264685,741
1647,10,4.5,51,1052.3836242299806,741
1648,10,4.0,102,407.3894375115431,741
1649,10,3.5,312,427.09590964411143,741
1650,10,4.5,24,347.7906204537955,741
1652,5,4.5,10,244.1507241423,252
1653,5,4.0,317,477.5674390270577,252
1654,5,4.5,59,459.2262440154585,252
1655,5,5.0,5,710.2999234615718,252
1656,5,4.0,17,345.5918498054682,252
1657,5,4.0,67,738.7300411226688,252
1658,5,4.5,9,220.31812964862456,252
1659,5,4.5,9,370.21843926341455,252
1660,5,4.5,24,444.2828938460668,252
1661,5,4.5,6,585.7446263263761,252
1662,5,5.0,1,671.997546830491,252
1663,5,4.5,11,319.7605293352526,252
1664,5,4.0,23,332.2852535745158,252
1666,5,4.5,150,865.2453003865196,252
1667,5,4.5,63,676.5564036255073,252
1668,5,4.5,102,1041.8308357507674,252
1669,5,3.5,20,294.4351742103114,252
1670,5,4.0,328,582.3227340776525,252
1672,8,4.5,114,302.1846882949786,448
1673,8,4.5,24,171.9707391836853,448
1674,8,4.0,22,72.28424603890981,448
1676,8,4.0,184,244.752644312829,448
1677,8,4.5,51,726.1169821063008,448
1678,8,4.0,16,128.5605646257207,448
1679,8,4.0,320,544.3852826036333,448
1680,8,5.0,2,703.935668582528,448
1681,8,3.5,296,430.3014696159154,448
1682,8,4.0,93,597.7240131513589,448
1683,8,4.0,32,187.48288569714126,448
1685,8,4.0,74,278.7009992572126,448
1686,8,4.0,9,187.4765488558472,448
1687,8,3.5,83,131.79849165151978,448
1688,8,3.5,146,169.11589613991643,448
1689,8,4.0,27,365.90481536629824,448
1690,8,3.5,263,255.5527823564862,448
1691,8,4.0,318,561.7810161641,448
1692,20,4.5,273,624.2492368591297,354
1694,20,4.5,28,536.9065090288411,354
1695,20,4.0,52,487.24377451026083,354
1696,20,4.0,47,571.8385988058782,354
1697,20,4.5,17,763.5575696011822,354
1700,20,3.5,237,273.3194556077061,354
1701,20,4.0,94,124.34356595663586,354
1702,20,4.0,356,703.5340855192053,354
1704,20,3.5,104,246.48384095097717,354
1706,20,5.0,1,280.87805286281775,354
1708,20,4.5,21,822.4440760717958,354
1709,20,4.0,36,621.5246811542804,354
1711,20,4.0,84,687.2495991311409,354
1712,6,4.5,23,439.009343670513,303
1713,6,4.0,27,508.2160531744343,303
1714,6,4.5,85,237.42945134662546,303
1715,6,4.0,108,489.8515628365178,303
1716,6,4.0,13,515.2328479504488,303
1717,6,4.0,175,559.5801196702423,303
1718,6,4.5,20,526.7364583238117,303
1719,6,4.5,61,610.6601880453189,303
1720,6,4.0,214,467.2722514977819,303
1721,6,4.0,41,322.98780205290427,303
1722,6,4.0,330,699.0923906685592,303
1723,6,4.5,24,554.5804334863221,303
1724,6,4.0,233,672.8818615560117,303
1725,6,4.5,289,572.8675776997909,303
1726,6,4.0,3,524.5284798782671,303
1728,6,4.0,107,552.3421700610436,303
1729,6,4.0,243,603.9018463860061,303
1730,6,4.5,10,729.285246664837,303
1731,6,4.0,4,191.5394132136091,303
1732,15,4.5,23,151.09346822817176,217
1733,15,5.0,8,120.38697644900249,217
1734,15,5.0,4,456.4082360117607,217
1735,15,4.0,5,114.58140234173969,217
1736,15,4.5,85,478.5765668699172,217
1737,15,4.0,72,188.91426299807216,217
1738,15,4.5,34,178.58981765372127,217
1739,15,4.0,9,90.75011790037054,217
1740,15,4.0,153,176.9805488667509,217
1741,15,4.5,52,431.41753364225997,217
1742,15,5.0,3,137.81958448104766,217
1743,15,5.0,1,201.27632962689967,217
1744,15,4.5,172,256.3310630382749,217
1745,15,4.0,41,679.0798835187222,217
1746,15,4.0,108,901.7750051879691,217
1747,15,4.0,3,155.689205964319,217
1748,15,4.0,72,460.4124025251078,217
1749,15,4.5,149,493.2240388714856,217
1750,15,3.5,163,99.10391986569469,217
1751,15,4.0,27,1027.5886936974905,217
1752,1,4.5,85,413.7543793586975,444
1753,1,5.0,3,413.5752928065592,444
1754,1,4.5,92,430.5006386576474,444
1755,1,4.5,15,611.2459716635411,444
1756,1,4.5,116,418.95628584285964,444
1757,1,4.5,256,781.4580897690699,444
1758,1,4.0,276,491.25353652191217,444
1759,1,4.5,63,511.98261189224837,444
1760,1,4.5,9,662.1718748404327,444
1761,1,5.0,4,66.67504806140694,444
1762,1,4.5,9,569.9409644986713,444
1763,1,4.5,2,598.8196167841776,444
1765,1,4.5,156,617.9137863513639,444
1766,1,4.5,330,975.3830597499048,444
1769,1,4.0,322,684.6744237658378,444
1770,1,4.0,215,406.0612544662986,444
1771,1,4.5,19,575.6730861498794,444
1772,4,4.5,330,328.2444982349043,570
1773,4,4.5,193,271.4067268391963,570
1775,4,4.0,31,390.0617588029572,570
1776,4,4.5,36,583.1959904587583,570
1777,4,5.0,2,646.1806480906779,570
1778,4,4.5,92,676.9794011508022,570
1779,4,4.5,116,633.8122174257701,570
1780,4,4.5,15,837.9940664148805,570
1782,4,4.5,11,585.2381402647768,570
1783,4,4.5,36,594.9471994567048,570
1784,4,5.0,23,468.37982681720985,570
1785,4,4.0,5,583.6128337481232,570
1786,4,4.5,17,452.3828216665523,570
1787,4,5.0,27,1018.011944867021,570
1788,4,4.0,276,580.8678641880484,570
1789,4,3.5,312,420.2325326508484,570
1790,4,4.5,60,592.222804765991,570
1791,4,5.0,1,531.5890012601545,570
1792,3,4.5,256,396.18113179214777,326
1793,3,4.0,50,54.63034173466247,326
1795,3,4.5,2,429.8477634302867,326
1796,3,4.5,85,698.3060809461392,326
1797,3,4.5,31,390.7573684551325,326
1798,3,4.5,15,919.4689634043901,326
1799,3,4.5,44,513.4300927985463,326
1800,3,4.5,9,606.2006268017283,326
1801,3,4.5,22,655.4124662462713,326
1802,3,4.0,122,404.99040279508523,326
1803,3,5.0,3,747.8950089839431,326
1804,3,4.5,116,848.0107347273387,326
1805,3,4.5,20,702.2495298125243,326
1806,3,4.0,39,388.5259068361956,326
1807,3,4.0,137,722.2397760957604,326
1808,3,4.5,92,827.206959985837,326
1809,3,4.0,38,536.9208800081998,326
1810,3,4.5,156,729.871674246476,326
1811,3,4.5,3,569.073750117533,326
1812,4,4.5,330,501.9040272251333,634
1813,4,4.5,15,607.470137887795,634
1814,4,4.5,36,454.1597298950412,634
1815,4,4.5,193,433.93587129041265,634
1816,4,4.5,11,384.5418350859258,634
1817,4,5.0,27,887.596430067453,634
1818,4,4.0,5,448.7174024055468,634
1819,4,4.5,9,534.7470133099008,634
1821,4,4.5,116,685.4747363665259,634
1822,4,5.0,2,826.2436262185615,634
1823,4,4.0,31,564.5492018040977,634
1824,4,4.0,197,389.9560176712465,634
1825,4,4.0,326,468.4671735108371,634
1827,4,4.0,322,469.9333685021305,634
1828,4,4.5,92,725.0605502852452,634
1829,4,4.0,70,383.3307090716593,634
1831,4,4.0,25,463.4413313334838,634
1832,5,4.0,119,657.3524566961827,81
1833,5,4.5,10,905.5279152832916,81
1834,5,4.0,121,899.1384390578362,81
1835,5,4.0,225,917.3427305578807,81
1836,5,4.0,144,662.5542260423937,81
1837,5,4.5,199,1016.4816090224016,81
1838,5,4.5,2,652.4146647951857,81
1839,5,4.0,103,1009.1526878788023,81
1840,5,5.0,2,403.53291296850966,81
1842,5,4.5,50,817.1612597069492,81
1843,5,4.5,17,1085.0834092138302,81
1844,5,4.0,5,790.6118035091088,81
1845,5,4.0,8,867.0361096270427,81
1846,5,3.5,15,848.106238857838,81
1847,5,4.5,71,847.1578743717778,81
1849,5,4.0,13,895.8106071258801,81
1850,5,3.5,25,946.4454056630118,81
1851,5,4.0,20,898.0245319254759,81
1852,1,4.5,29,264.44483091549495,86
1853,1,4.5,86,797.4245747560741,86
1854,1,4.0,82,57.790384227575295,86
1855,1,4.5,146,469.11959351381256,86
1856,1,4.0,20,45.072893624742775,86
1857,1,4.0,83,67.78635693407085,86
1858,1,4.5,3,548.0649235903006,86
1859,1,5.0,4,561.6495552257312,86
1860,1,4.0,16,425.11544588343867,86
1861,1,3.5,34,96.8853880173584,86
1862,1,4.0,26,945.4944344287406,86
1863,1,4.5,24,987.0686087941864,86
1864,1,4.0,19,401.0050443586782,86
1865,1,4.0,1,187.09445095601825,86
1866,1,3.5,8,246.4548745431741,86
1867,1,4.5,16,502.24090239885714,86
1868,1,3.5,17,99.6031419352942,86
1869,1,4.0,4,277.4868019943612,86
1870,1,4.5,4,293.67047270465696,86
1871,1,5.0,1,349.4957501522633,86
1872,23,4.5,174,902.817740138894,136
1873,23,4.0,109,549.0235750985141,136
1874,23,4.5,42,950.6098041830625,136
1875,23,4.5,144,1100.7196859359367,136
1876,23,4.5,12,883.1970134648727,136
1877,23,4.5,41,700.1436540767061,136
1878,23,5.0,5,1016.6334812026269,136
1879,23,4.0,205,907.6159834597693,136
1880,23,4.5,35,1065.8661102915223,136
1881,23,4.5,73,956.2274097286466,136
1882,23,4.5,137,946.7101553829172,136
1883,23,4.0,84,786.7656481883171,136
1884,23,4.5,16,932.297626915442,136
1885,23,3.5,35,353.4410493212205,136
1886,23,4.5,4,809.400815234724,136
1887,23,3.5,301,907.3567097830742,136
1888,23,4.0,117,938.590221297209,136
1889,23,4.5,13,896.9042239265199,136
1890,23,4.5,20,948.8505329085507,136
1892,1,5.0,52,425.90366057995584,111
1893,1,4.0,89,34.88420055839505,111
1894,1,4.0,24,155.67670586505042,111
1895,1,4.0,392,40.77532786413003,111
1897,1,4.5,24,453.58977177624166,111
1898,1,5.0,5,106.30602438424296,111
1899,1,4.0,350,582.9720555557276,111
1900,1,4.5,31,381.91550119500715,111
1901,1,4.5,36,575.1978272862813,111
1902,1,3.5,117,206.66599438468623,111
1903,1,4.0,264,678.1983731110341,111
1904,1,3.5,101,119.01253245263858,111
1905,1,3.5,26,139.17024656811762,111
1906,1,4.5,124,581.3483719218027,111
1907,1,3.5,170,143.8202148108681,111
1908,1,3.5,6,126.8457349189716,111
1910,1,3.5,42,88.7236681362562,111
1911,1,4.5,22,885.2333356200107,111
1913,16,4.5,44,319.41846207280184,778
1915,16,4.5,51,574.9159388632621,778
1916,16,4.0,13,310.85673203340883,778
1917,16,4.0,370,36.112864292408226,778
1918,16,4.5,8,195.0400164742848,778
1919,16,4.0,29,37.45885309919547,778
1920,16,4.0,246,163.91046837557252,778
1921,16,4.0,26,186.3573955405856,778
1922,16,5.0,56,171.117148370907,778
1923,16,4.5,76,862.6945305020329,778
1924,16,4.0,200,267.3250411738424,778
1925,16,4.5,39,368.78238009182496,778
1926,16,4.5,7,147.27515627891094,778
1927,16,4.0,59,476.77555494275686,778
1928,16,3.5,21,292.69679673939163,778
1930,16,4.0,26,280.08653490607514,778
1931,16,3.5,27,153.55236270109202,778
1932,9,4.5,17,48.143759703078565,646
1933,9,4.5,28,628.9147982501024,646
1934,9,4.0,47,182.65325434641983,646
1935,9,4.0,27,76.84952730068807,646
1937,9,4.0,128,564.5725352527154,646
1938,9,4.5,38,754.9270554724676,646
1939,9,4.0,80,334.3502802072805,646
1940,9,4.0,38,878.0664755075238,646
1941,9,3.5,146,157.3905436193539,646
1942,9,3.5,239,528.0140307898005,646
1943,9,4.0,387,581.320088290029,646
1944,9,4.5,21,315.8643733549581,646
1945,9,3.5,310,464.9914498318441,646
1948,9,4.5,34,573.7928152593797,646
1949,9,4.0,27,342.3816252475692,646
1950,9,3.5,25,100.48651023478041,646
1951,9,4.0,165,466.4713480827505,646
1952,1,4.0,61,51.83586888650815,137
1954,1,4.0,196,664.964638770354,137
1955,1,3.5,20,255.71312012325646,137
1956,1,3.5,231,243.0060779709964,137
1957,1,4.5,12,626.6568962559016,137
1958,1,4.0,36,317.14060907783335,137
1959,1,4.0,27,246.31291213958642,137
1960,1,4.5,276,846.3109427225177,137
1961,1,4.5,22,245.4749622152541,137
1962,1,3.5,80,78.74321967719825,137
1963,1,4.0,8,227.38638996170533,137
1964,1,4.5,23,565.1354932127234,137
1965,1,3.5,4,203.78050110773904,137
1966,1,4.0,30,807.097146078363,137
1967,1,4.0,151,388.59791364699606,137
1968,1,4.5,289,775.4366151389513,137
1969,1,3.5,26,277.2144239741663,137
1970,1,4.5,11,213.26978912361665,137
1972,17,4.0,308,917.7718256765013,58
1973,17,4.5,74,907.6733712371755,58
1974,17,3.5,9,754.2739039314473,58
1975,17,4.0,3,223.6471641749721,58
1976,17,3.5,13,210.7625494795806,58
1978,17,4.5,131,958.3022254915643,58
1979,17,4.0,3,671.9929320541772,58
1980,17,5.0,1,307.31304939705825,58
1981,17,4.0,13,1002.9586937667597,58
1982,17,4.5,3,440.75825339045235,58
1984,17,4.0,12,892.0083626842868,58
1985,17,4.0,36,892.0083626842868,58
1987,17,3.5,11,955.7058670907364,58
1988,17,4.0,104,1074.2316042293648,58
1989,17,4.0,208,531.3473767092206,58
1991,17,4.0,4,702.1444823373411,58
1993,5,4.5,256,595.5840160887674,370
1994,5,4.5,22,378.3838816387104,370
1995,5,4.0,27,870.1737190724599,370
1996,5,4.0,137,441.995102070162,370
1997,5,4.0,233,827.9731570235217,370
1998,5,4.0,50,314.0895973921892,370
1999,5,4.5,61,827.1745978394313,370
2000,5,4.5,9,631.3972387538354,370
2001,5,4.5,31,537.383476908119,370
2002,5,4.5,20,422.37965585974416,370
2003,5,4.5,44,579.8322219479319,370
2004,5,4.0,38,334.25933801253086,370
2005,5,4.5,2,693.4536842309788,370
2006,5,4.5,15,991.9585343053094,370
2007,5,4.0,175,910.4304220560716,370
2008,5,3.5,121,350.93399170651963,370
2009,5,4.5,20,847.480559299607,370
2010,5,4.0,107,818.5851812755757,370
2011,5,4.5,3,551.6035432949094,370
2012,0,5.0,5,195.81355974527642,96
2013,0,4.5,65,914.3822274623177,96
2014,0,4.5,36,148.80771602714356,96
2015,0,4.5,22,862.0158188757015,96
2016,0,4.5,52,559.5432018029261,96
2017,0,4.5,11,173.26172467717706,96
2018,0,4.5,54,830.8698867488467,96
2019,0,3.5,104,732.331351066124,96
2020,0,3.5,110,223.4660907676526,96
2021,0,3.5,57,139.8236343171343,96
2022,0,4.0,136,444.6938300791792,96
2024,0,3.5,57,552.1244218898319,96
2025,0,3.5,43,221.23362785087784,96
2026,0,4.0,36,861.5056649613517,96
2027,0,4.0,222,1056.1205337571023,96
2028,0,4.0,4,173.26172467717706,96
2029,0,5.0,8,432.65775279506965,96
2030,0,3.5,165,834.3819610553473,96
2031,0,3.5,56,464.03996611030334,96
2032,0,5.0,5,179.28489785574618,90
2033,0,4.5,65,925.3592052236698,90
2034,0,4.5,36,317.695757343461,90
2035,0,4.5,52,556.9662153280793,90
2036,0,4.5,22,880.2058132722493,90
2037,0,4.5,54,837.3026849285278,90
2038,0,4.5,11,151.48566474280545,90
2039,0,3.5,104,738.6320634628523,90
2040,0,3.5,110,169.78203930453498,90
2041,0,3.5,57,149.1483364927823,90
2042,0,4.0,136,437.1327584966574,90
2043,0,4.0,36,729.3004064968447,90
2045,0,3.5,57,565.1764875983251,90
2046,0,3.5,43,184.9656331494107,90
2047,0,3.5,23,42.835814846759774,90
2048,0,4.0,4,151.48566474280545,90
2049,0,5.0,8,423.80190190778734,90
2050,0,3.5,56,471.23779987555037,90
2051,0,3.5,165,948.7181288733083,90
2052,22,4.5,29,389.047803529646,54
2053,22,4.5,44,414.8180348674226,54
2054,22,4.0,36,353.59558253476644,54
2055,22,4.0,63,416.30649250867316,54
2056,22,4.5,56,405.98525930188174,54
2057,22,4.0,46,385.5502409993437,54
2058,22,4.0,86,510.23839622338164,54
2059,22,4.0,42,515.862569715898,54
2060,22,4.0,3,386.67319002063516,54
2062,22,4.0,7,357.5503997546926,54
2063,22,5.0,1,395.48351637258935,54
2064,22,5.0,3,398.3668016667742,54
2065,22,5.0,1,353.59558253476644,54
2066,22,4.0,135,598.4979241938636,54
2067,22,3.5,11,639.6569216208795,54
2068,22,4.0,92,736.6041104367998,54
2069,22,3.5,77,1026.3233262100528,54
2070,22,4.0,5,397.94533331470114,54
2071,22,5.0,2,407.47703049342994,54
2072,6,4.0,27,386.1599756221175,321
2073,6,4.5,61,184.16516739575047,321
2074,6,4.0,233,178.25470342634057,321
2075,6,4.5,20,283.4274036908812,321
2076,6,4.5,10,383.2080041707125,321
2077,6,4.0,107,278.2139554954547,321
2079,6,4.5,22,373.7747537730692,321
2080,6,4.0,321,226.43777136791923,321
2081,6,4.0,175,541.405146244864,321
2082,6,4.0,24,441.125349918405,321
2083,6,4.0,330,638.32342782781,321
2084,6,4.5,24,491.6784085319056,321
2085,6,4.0,27,219.1308271420761,321
2086,6,4.5,289,573.9775102175178,321
2087,6,4.5,157,360.7548255683286,321
2088,6,4.0,137,409.44728125672606,321
2089,6,4.0,41,512.1020605912911,321
2090,6,3.5,48,207.70705060612653,321
2091,6,4.5,16,625.39315663129,321
2092,9,5.0,27,260.99359858314904,877
2093,9,4.5,83,382.1264072360776,877
2095,9,4.5,305,733.4924055431311,877
2097,9,4.5,6,236.23846385352155,877
2098,9,4.0,28,85.27663648111906,877
2099,9,4.0,118,206.5282948651463,877
2100,9,4.5,219,86.47451930607781,877
2102,9,4.5,13,216.1089788442575,877
2103,9,4.5,163,780.0415487996174,877
2104,9,4.5,36,566.7690758000517,877
2105,9,4.0,38,428.86484742644717,877
2106,9,4.5,129,272.580543425274,877
2107,9,4.5,9,201.53401239286052,877
2108,9,3.5,34,20.538112526856274,877
2110,9,4.5,22,384.5224007255722,877
2111,9,5.0,39,362.08094913700114,877
2112,13,4.5,102,223.73937969227669,621
2113,13,4.5,28,484.1104762976768,621
2115,13,4.0,38,833.5530456804726,621
2118,13,5.0,1,341.56535296517467,621
2119,13,4.0,14,303.6937540172727,621
2120,13,4.0,110,76.27333329644722,621
2121,13,4.0,30,487.15041513869284,621
2122,13,4.0,92,255.58248345274865,621
2124,13,4.0,201,529.7886805149685,621
2125,13,4.0,13,400.8129813556026,621
2126,13,4.5,34,324.4521338714747,621
2127,13,4.0,13,546.6301499696332,621
2128,13,4.5,10,110.06505810239456,621
2130,13,3.5,386,84.86373973639299,621
2131,13,5.0,5,791.661018876883,621
2132,4,5.0,27,471.40430281640994,696
2133,4,4.0,5,60.517489232772846,696
2134,4,4.5,330,644.5610488329901,696
2135,4,4.5,15,611.0711338038627,696
2136,4,4.5,11,146.437614403508,696
2138,4,4.5,36,75.85334185257051,696
2139,4,4.5,9,477.05615618936065,696
2140,4,4.5,22,240.5344951582332,696
2141,4,4.5,18,254.45282440419425,696
2142,4,4.5,193,587.0860062515654,696
2143,4,5.0,39,263.9316236209632,696
2144,4,4.0,197,112.4870576888155,696
2145,4,4.0,25,111.12109447176552,696
2147,4,4.0,70,120.36228373150337,696
2148,4,5.0,1,76.2180217462728,696
2149,4,4.0,326,371.6928801602315,696
2150,4,4.0,322,376.32269818728577,696
2151,4,4.0,276,232.58786322058756,696
2153,23,4.5,163,345.3870375965737,1200
2154,23,4.5,83,331.8161089467824,1200
2155,23,4.5,305,517.4917146405564,1200
2156,23,4.5,273,1001.3967064108062,1200
2157,23,5.0,27,666.344009069522,1200
2158,23,4.5,76,785.190582214826,1200
2161,23,4.0,38,337.152276024234,1200
2162,23,4.0,161,221.0713877424574,1200
2164,23,4.0,118,287.83572622174637,1200
2166,23,4.5,13,266.4067306910341,1200
2167,23,4.5,6,445.4169667955854,1200
2168,23,4.0,126,374.79782893575685,1200
2169,23,4.5,9,294.9618829281802,1200
2171,23,4.5,314,471.3064074532597,1200
2174,15,4.0,13,249.545184372687,908
2175,15,4.5,44,537.923014714238,908
2176,15,4.5,76,677.1334682811918,908
2177,15,5.0,5,237.63280706325952,908
2179,15,4.0,156,148.76145691074933,908
2181,15,4.5,8,365.4672221848741,908
2182,15,5.0,34,465.9303580774052,908
2183,15,4.0,38,934.9574486095007,908
2184,15,4.5,22,683.1324416919191,908
2185,15,4.5,12,376.9070801927012,908
2187,15,4.5,102,840.7160191411369,908
2189,15,4.0,120,584.198827804106,908
2190,15,5.0,56,489.7254880291722,908
2191,15,4.0,63,502.8947046596142,908
2192,2,5.0,52,672.9164749019211,158
2193,2,4.5,28,691.487394346535,158
2194,2,4.5,24,680.2538863616481,158
2195,2,4.5,62,938.9611570920836,158
2196,2,4.0,350,751.0469008959174,158
2197,2,5.0,5,656.2173575500634,158
2198,2,4.0,24,612.9501145583866,158
2199,2,5.0,14,703.2978199412233,158
2200,2,4.5,30,684.3140249635452,158
2201,2,4.0,38,690.7400610010651,158
2202,2,4.5,31,648.5491871109457,158
2203,2,4.0,89,748.6839084348285,158
2204,2,4.5,36,739.8623650359402,158
2205,2,4.0,84,768.2831720555547,158
2206,2,4.5,15,734.2870774718738,158
2207,2,4.5,11,635.8185439868985,158
2208,2,3.5,117,615.3073569382938,158
2209,2,4.5,124,737.8198655450169,158
2211,2,4.0,392,747.7928202618474,158
2212,0,5.0,52,272.32249941652594,117
2213,0,4.5,24,300.0881718717874,117
2214,0,4.0,350,430.84636479703784,117
2215,0,4.0,89,188.05012777898784,117
2216,0,4.0,24,74.54099144926512,117
2218,0,4.0,264,529.868524704534,117
2219,0,4.5,36,422.6554690638968,117
2220,0,5.0,5,71.49220491903404,117
2221,0,4.5,31,227.76160674855888,117
2222,0,4.0,392,193.14173117340655,117
2223,0,4.5,124,428.5865683754917,117
2224,0,3.5,117,67.14882428657545,117
2225,0,3.5,101,166.25502343501336,117
2226,0,3.5,26,187.96848543702146,117
2227,0,3.5,170,190.25872083014562,117
2228,0,4.5,22,735.3861792557104,117
2229,0,3.5,6,188.17327802815015,117
2230,0,4.0,58,695.206847829309,117
2231,0,3.5,109,227.38813237257003,117
2232,1,4.0,91,142.62468338667253,153
2233,1,4.5,9,218.16411093131086,153
2234,1,4.5,22,365.72396072765235,153
2235,1,4.0,35,136.70761096250715,153
2236,1,4.0,264,548.7216791246994,153
2237,1,4.5,146,255.10050113049806,153
2238,1,4.0,350,660.4039002373856,153
2239,1,5.0,12,454.12300463313073,153
2240,1,5.0,52,817.2666487909038,153
2241,1,4.5,16,166.88732229055387,153
2242,1,4.5,87,130.7579684152187,153
2243,1,4.5,3,444.79479111216807,153
2244,1,4.5,36,671.1941643000906,153
2245,1,4.0,58,387.3055103889628,153
2246,1,4.0,28,237.0913811747812,153
2247,1,4.0,117,352.23635818749705,153
2248,1,4.0,324,340.2742747003505,153
2249,1,4.5,24,512.4161474370889,153
2250,1,4.5,124,667.834148668114,153
2251,1,4.0,19,354.49691251697647,153
2252,1,4.5,22,112.36511831823523,169
2253,1,4.0,350,419.16170161818917,169
2254,1,4.0,264,319.66307332635034,169
2255,1,5.0,52,579.91969013125,169
2256,1,4.0,91,235.30220965923147,169
2257,1,4.5,9,391.39346159768576,169
2258,1,4.5,146,47.015224416558546,169
2259,1,4.5,36,428.6202433097513,169
2260,1,4.0,72,204.16908980734863,169
2261,1,4.5,124,423.7922337102865,169
2262,1,4.0,35,221.08643715717628,169
2263,1,5.0,2,191.8754753168007,169
2264,1,4.5,24,552.5317607601497,169
2265,1,4.0,324,107.48572243028772,169
2266,1,4.0,58,158.64895847934181,169
2267,1,4.5,87,143.57908253588425,169
2268,1,5.0,2,157.8809168630901,169
2269,1,4.5,16,364.64202084558684,169
2270,1,4.0,19,101.2513025353074,169
2271,1,5.0,12,669.4346349046224,169
2272,4,4.0,64,93.39505847252012,357
2273,4,4.5,57,445.35270871139574,357
2274,4,4.0,82,457.4405287181588,357
2275,4,4.5,21,219.30190184799102,357
2276,4,4.0,330,822.0605148798523,357
2277,4,4.5,131,599.6107087056428,357
2278,4,4.5,74,686.3633440654147,357
2280,4,4.0,85,493.8863236834677,357
2281,4,4.0,31,559.7226573649092,357
2282,4,4.0,308,774.0638891991248,357
2285,4,4.5,16,830.4275981318166,357
2286,4,4.0,52,740.4692100527313,357
2287,4,4.0,13,362.3852211286477,357
2288,4,4.0,124,794.244871096501,357
2289,4,4.5,58,697.3571636435786,357
2291,4,5.0,4,435.16599127426076,357
2293,5,5.0,23,150.28155004909212,284
2294,5,4.5,92,417.664045039907,284
2295,5,4.5,116,395.8902117411112,284
2296,5,4.5,330,755.4512316259703,284
2297,5,4.5,63,253.44888217029273,284
2298,5,5.0,3,502.9239945900725,284
2299,5,4.0,276,293.41309779567894,284
2300,5,4.5,85,559.0079872847151,284
2301,5,4.5,84,359.71214507431694,284
2302,5,4.0,193,145.38947320574542,284
2303,5,4.5,5,154.9036649083721,284
2305,5,4.0,222,762.6728705490468,284
2306,5,4.0,84,264.92231021007046,284
2307,5,4.5,64,334.06614430853875,284
2308,5,4.5,17,406.8989911047171,284
2309,5,4.0,215,431.20742289760625,284
2310,5,3.5,73,186.08093335416402,284
2311,5,4.5,193,748.3716567250647,284
2312,4,5.0,15,530.2963837908554,235
2313,4,4.5,85,571.1794607555007,235
2314,4,5.0,10,153.05627368728938,235
2315,4,5.0,3,581.2139937112181,235
2316,4,4.5,116,642.7275668521652,235
2317,4,4.5,92,606.6070761812721,235
2318,4,4.5,256,798.0353752746203,235
2319,4,4.5,84,562.8857012346693,235
2320,4,4.0,276,663.3410380726763,235
2322,4,5.0,12,379.03317485474685,235
2323,4,5.0,28,514.7660648862757,235
2324,4,4.0,222,869.2698982258094,235
2325,4,4.5,2,656.9804738540449,235
2326,4,4.5,63,739.6184915814999,235
2328,4,4.5,64,596.0115524252788,235
2329,4,4.0,215,628.0308327772292,235
2330,4,5.0,23,800.4243151906111,235
2331,4,4.0,5,641.0677848578503,235
2333,7,4.5,273,591.1396905027851,549
2334,7,4.5,28,342.9359100770853,549
2335,7,4.0,52,270.23685442455934,549
2336,7,4.5,305,701.5997905799672,549
2337,7,4.0,47,293.38037491707786,549
2338,7,4.5,17,652.1869208103036,549
2339,7,4.0,356,219.6757013280514,549
2341,7,4.5,58,248.8699706884056,549
2343,7,4.0,345,248.13943210069442,549
2344,7,4.5,18,244.39890367119125,549
2347,7,5.0,4,168.11517862659318,549
2348,7,4.0,82,454.14877479408545,549
2349,7,4.0,191,222.19340122693626,549
2350,7,4.0,84,224.8165436018491,549
2351,7,3.5,27,222.2355069949097,549
2352,15,4.0,67,520.6801806917156,199
2353,15,4.0,153,167.995484522244,199
2355,15,4.0,39,358.2314655499829,199
2357,15,5.0,9,439.72811815541087,199
2358,15,5.0,1,561.8174933156694,199
2359,15,4.0,14,462.70241541880813,199
2361,15,4.5,14,422.37155617552355,199
2362,15,4.5,125,701.8192771980409,199
2363,15,3.5,212,80.07225641927681,199
2364,15,4.5,3,593.5011154986263,199
2366,15,5.0,3,792.9653074345731,199
2368,15,4.5,292,362.88261623842067,199
2369,15,4.5,28,981.4477016428036,199
2370,15,4.0,45,719.5151022146814,199
2371,15,4.0,9,119.6917061210567,199
